distance_mm,x_mm,y_mm
0.0,150.0,112.5
1.0,151.0,112.5
2.0,152.0,112.5
3.0,153.0,112.5
4.0,154.0,112.5
5.0,155.0,112.5
6.0,156.0,112.5
7.0,157.0,112.5
8.0,158.0,112.5
9.0,159.0,112.5
10.0,160.0,112.5
11.0,161.0,112.5
12.0,162.0,112.5
13.0,163.0,112.5
14.0,164.0,112.5
15.0,165.0,112.5
16.0,166.0,112.5
17.0,167.0,112.5
18.0,168.0,112.5
19.0,169.0,112.5
20.0,170.0,112.5
21.0,171.0,112.5
22.0,172.0,112.5
23.0,173.0,112.5
24.0,174.0,112.5
25.0,175.0,112.5
26.0,176.0,112.5
27.0,177.0,112.5
28.0,178.0,112.5
29.0,179.0,112.5
30.0,180.0,112.5
31.0,181.0,112.5
32.0,182.0,112.5
33.0,183.0,112.5
34.0,184.0,112.5
35.0,185.0,112.5
36.0,186.0,112.5
37.0,187.0,112.5
38.0,188.0,112.5
39.0,189.0,112.5
40.0,190.0,112.5
41.0,191.0,112.5
42.0,192.0,112.5
43.0,193.0,112.5
44.0,194.0,112.5
45.0,195.0,112.5
46.0,196.0,112.5
47.0,197.0,112.5
48.0,198.0,112.5
49.0,199.0,112.5
50.0,200.0,112.5
51.0,201.0,112.5
52.0,202.0,112.5
53.0,203.0,112.5
54.0,204.0,112.5
55.0,205.0,112.5
56.0,206.0,112.5
57.0,207.0,112.5
58.0,208.0,112.5
59.0,209.0,112.5
60.0,210.0,112.5
61.0,211.0,112.5
62.0,212.0,112.5
63.0,213.0,112.5
64.0,214.0,112.5
65.0,215.0,112.5
66.0,216.0,112.5
67.0,217.0,112.5
68.0,218.0,112.5
69.0,219.0,112.5
70.0,220.0,112.5
71.0,221.0,112.5
72.0,222.0,112.5
73.0,223.0,112.5
74.0,224.0,112.5
75.0,225.0,112.5
76.0,226.0,112.5
77.0,227.0,112.5
78.0,228.0,112.5
79.0,229.0,112.5
80.0,230.0,112.5
81.0,231.0,112.5
82.0,232.0,112.5
83.0,233.0,112.5
84.0,234.0,112.5
85.0,235.0,112.5
86.0,236.0,112.5
87.0,237.0,112.5
88.0,238.0,112.5
89.0,239.0,112.5
90.0,240.0,112.5
91.0,241.0,112.5
92.0,242.0,112.5
93.0,243.0,112.5
94.0,244.0,112.5
95.0,245.0,112.5
96.0,246.0,112.5
97.0,247.0,112.5
98.0,248.0,112.5
99.0,249.0,112.5
100.0,250.0,112.5
101.0,251.0,112.5
102.0,252.0,112.5
103.0,253.0,112.5
104.0,254.0,112.5
105.0,255.0,112.5
106.0,256.0,112.5
107.0,257.0,112.5
108.0,258.0,112.5
109.0,259.0,112.5
110.0,260.0,112.5
111.0,261.0,112.5
112.0,262.0,112.5
113.0,263.0,112.5
114.0,264.0,112.5
115.0,265.0,112.5
116.0,266.0,112.5
117.0,267.0,112.5
118.0,268.0,112.5
119.0,269.0,112.5
120.0,270.0,112.5
121.0,271.0,112.5
122.0,272.0,112.5
123.0,273.0,112.5
124.0,274.0,112.5
125.0,275.0,112.5
126.0,276.0,112.5
127.0,277.0,112.5
128.0,278.0,112.5
129.0,279.0,112.5
130.0,280.0,112.5
131.0,281.0,112.5
132.0,282.0,112.5
133.0,283.0,112.5
134.0,284.0,112.5
135.0,285.0,112.5
136.0,286.0,112.5
137.0,287.0,112.5
138.0,288.0,112.5
139.0,289.0,112.5
140.0,290.0,112.5
141.0,291.0,112.5
142.0,292.0,112.5
143.0,293.0,112.5
144.0,294.0,112.5
145.0,295.0,112.5
146.0,296.0,112.5
147.0,297.0,112.5
148.0,298.0,112.5
149.0,299.0,112.5
150.0,300.0,112.5
151.0,301.0,112.5
152.0,302.0,112.5
153.0,303.0,112.5
154.0,304.0,112.5
155.0,305.0,112.5
156.0,306.0,112.5
157.0,307.0,112.5
158.0,308.0,112.5
159.0,309.0,112.5
160.0,310.0,112.5
161.0,311.0,112.5
162.0,312.0,112.5
163.0,313.0,112.5
164.0,314.0,112.5
165.0,315.0,112.5
166.0,316.0,112.5
167.0,317.0,112.5
168.0,318.0,112.5
169.0,319.0,112.5
170.0,320.0,112.5
171.0,321.0,112.5
172.0,322.0,112.5
173.0,323.0,112.5
174.0,324.0,112.5
175.0,325.0,112.5
176.0,326.0,112.5
177.0,327.0,112.5
178.0,328.0,112.5
179.0,329.0,112.5
180.0,330.0,112.5
181.0,331.0,112.5
182.0,332.0,112.5
183.0,333.0,112.5
184.0,334.0,112.5
185.0,335.0,112.5
186.0,336.0,112.5
187.0,337.0,112.5
188.0,338.0,112.5
189.0,339.0,112.5
190.0,340.0,112.5
191.0,341.0,112.5
192.0,342.0,112.5
193.0,343.0,112.5
194.0,344.0,112.5
195.0,345.0,112.5
196.0,346.0,112.5
197.0,347.0,112.5
198.0,348.0,112.5
199.0,349.0,112.5
200.0,350.0,112.5
201.0,351.0,112.5
202.0,352.0,112.5
203.0,353.0,112.5
204.0,354.0,112.5
205.0,355.0,112.5
206.0,356.0,112.5
207.0,357.0,112.5
208.0,358.0,112.5
209.0,359.0,112.5
210.0,360.0,112.5
211.0,361.0,112.5
212.0,362.0,112.5
213.0,363.0,112.5
214.0,364.0,112.5
215.0,365.0,112.5
216.0,366.0,112.5
217.0,367.0,112.5
218.0,368.0,112.5
219.0,369.0,112.5
220.0,370.0,112.5
221.0,371.0,112.5
222.0,372.0,112.5
223.0,373.0,112.5
224.0,374.0,112.5
225.0,375.0,112.5
226.0,376.0,112.5
227.0,377.0,112.5
228.0,378.0,112.5
229.0,379.0,112.5
230.0,380.0,112.5
231.0,381.0,112.5
232.0,382.0,112.5
233.0,383.0,112.5
234.0,384.0,112.5
235.0,385.0,112.5
236.0,386.0,112.5
237.0,387.0,112.5
238.0,388.0,112.5
239.0,389.0,112.5
240.0,390.0,112.5
241.0,391.0,112.5
242.0,392.0,112.5
243.0,393.0,112.5
244.0,394.0,112.5
245.0,395.0,112.5
246.0,396.0,112.5
247.0,397.0,112.5
248.0,398.0,112.5
249.0,399.0,112.5
250.0,400.0,112.5
251.0,401.0,112.5
252.0,402.0,112.5
253.0,403.0,112.5
254.0,404.0,112.5
255.0,405.0,112.5
256.0,406.0,112.5
257.0,407.0,112.5
258.0,408.0,112.5
259.0,409.0,112.5
260.0,410.0,112.5
261.0,411.0,112.5
262.0,412.0,112.5
263.0,413.0,112.5
264.0,414.0,112.5
265.0,415.0,112.5
266.0,416.0,112.5
267.0,417.0,112.5
268.0,418.0,112.5
269.0,419.0,112.5
270.0,420.0,112.5
271.0,421.0,112.5
272.0,422.0,112.5
273.0,423.0,112.5
274.0,424.0,112.5
275.0,425.0,112.5
276.0,426.0,112.5
277.0,427.0,112.5
278.0,428.0,112.5
279.0,429.0,112.5
280.0,430.0,112.5
281.0,431.0,112.5
282.0,432.0,112.5
283.0,433.0,112.5
284.0,434.0,112.5
285.0,435.0,112.5
286.0,436.0,112.5
287.0,437.0,112.5
288.0,438.0,112.5
289.0,439.0,112.5
290.0,440.0,112.5
291.0,441.0,112.5
292.0,442.0,112.5
293.0,443.0,112.5
294.0,444.0,112.5
295.0,445.0,112.5
296.0,446.0,112.5
297.0,447.0,112.5
298.0,448.0,112.5
299.0,449.0,112.5
300.0,450.0,112.5
301.0,451.0,112.5
302.0,452.0,112.5
303.0,453.0,112.5
304.0,454.0,112.5
305.0,455.0,112.5
306.0,456.0,112.5
307.0,457.0,112.5
308.0,458.0,112.5
309.0,459.0,112.5
310.0,460.0,112.5
311.0,461.0,112.5
312.0,462.0,112.5
313.0,463.0,112.5
314.0,464.0,112.5
315.0,465.0,112.5
316.0,466.0,112.5
317.0,467.0,112.5
318.0,468.0,112.5
319.0,469.0,112.5
320.0,470.0,112.5
321.0,471.0,112.5
322.0,472.0,112.5
323.0,473.0,112.5
324.0,474.0,112.5
325.0,475.0,112.5
326.0,476.0,112.5
327.0,477.0,112.5
328.0,478.0,112.5
329.0,479.0,112.5
330.0,480.0,112.5
331.0,481.0,112.5
332.0,482.0,112.5
333.0,483.0,112.5
334.0,484.0,112.5
335.0,485.0,112.5
336.0,486.0,112.5
337.0,487.0,112.5
338.0,488.0,112.5
339.0,489.0,112.5
340.0,490.0,112.5
341.0,491.0,112.5
342.0,492.0,112.5
343.0,493.0,112.5
344.0,494.0,112.5
345.0,495.0,112.5
346.0,496.0,112.5
347.0,497.0,112.5
348.0,498.0,112.5
349.0,499.0,112.5
350.0,500.0,112.5
351.0,501.0,112.5
352.0,502.0,112.5
353.0,503.0,112.5
354.0,504.0,112.5
355.0,505.0,112.5
356.0,506.0,112.5
357.0,507.0,112.5
358.0,508.0,112.5
359.0,509.0,112.5
360.0,510.0,112.5
361.0,511.0,112.5
362.0,512.0,112.5
363.0,513.0,112.5
364.0,514.0,112.5
365.0,515.0,112.5
366.0,516.0,112.5
367.0,517.0,112.5
368.0,518.0,112.5
369.0,519.0,112.5
370.0,520.0,112.5
371.0,521.0,112.5
372.0,522.0,112.5
373.0,523.0,112.5
374.0,524.0,112.5
375.0,525.0,112.5
376.0,526.0,112.5
377.0,527.0,112.5
378.0,528.0,112.5
379.0,529.0,112.5
380.0,530.0,112.5
381.0,531.0,112.5
382.0,532.0,112.5
383.0,533.0,112.5
384.0,534.0,112.5
385.0,535.0,112.5
386.0,536.0,112.5
387.0,537.0,112.5
388.0,538.0,112.5
389.0,539.0,112.5
390.0,540.0,112.5
391.0,541.0,112.5
392.0,542.0,112.5
393.0,543.0,112.5
394.0,544.0,112.5
395.0,545.0,112.5
396.0,546.0,112.5
397.0,547.0,112.5
398.0,548.0,112.5
399.0,549.0,112.5
400.0,550.0,112.5
401.0,551.0,112.5
402.0,552.0,112.5
403.0,553.0,112.5
404.0,554.0,112.5
405.0,555.0,112.5
406.0,556.0,112.5
407.0,557.0,112.5
408.0,558.0,112.5
409.0,559.0,112.5
410.0,560.0,112.5
411.0,561.0,112.5
412.0,562.0,112.5
413.0,563.0,112.5
414.0,564.0,112.5
415.0,565.0,112.5
416.0,566.0,112.5
417.0,567.0,112.5
418.0,568.0,112.5
419.0,569.0,112.5
420.0,570.0,112.5
421.0,571.0,112.5
422.0,572.0,112.5
423.0,573.0,112.5
424.0,574.0,112.5
425.0,575.0,112.5
426.0,576.0,112.5
427.0,577.0,112.5
428.0,578.0,112.5
429.0,579.0,112.5
430.0,580.0,112.5
431.0,581.0,112.5
432.0,582.0,112.5
433.0,583.0,112.5
434.0,584.0,112.5
435.0,585.0,112.5
436.0,586.0,112.5
437.0,587.0,112.5
438.0,588.0,112.5
439.0,589.0,112.5
440.0,590.0,112.5
441.0,591.0,112.5
442.0,592.0,112.5
443.0,593.0,112.5
444.0,594.0,112.5
445.0,595.0,112.5
446.0,596.0,112.5
447.0,597.0,112.5
448.0,598.0,112.5
449.0,599.0,112.5
450.0,600.0,112.5
451.0,601.0,112.5
452.0,602.0,112.5
453.0,603.0,112.5
454.0,604.0,112.5
455.0,605.0,112.5
456.0,606.0,112.5
457.0,607.0,112.5
458.0,608.0,112.5
459.0,609.0,112.5
460.0,610.0,112.5
461.0,611.0,112.5
462.0,612.0,112.5
463.0,613.0,112.5
464.0,614.0,112.5
465.0,615.0,112.5
466.0,616.0,112.5
467.0,617.0,112.5
468.0,618.0,112.5
469.0,619.0,112.5
470.0,620.0,112.5
471.0,621.0,112.5
472.0,622.0,112.5
473.0,623.0,112.5
474.0,624.0,112.5
475.0,625.0,112.5
476.0,626.0,112.5
477.0,627.0,112.5
478.0,628.0,112.5
479.0,629.0,112.5
480.0,630.0,112.5
481.0,631.0,112.5
482.0,632.0,112.5
483.0,633.0,112.5
484.0,634.0,112.5
485.0,635.0,112.5
486.0,636.0,112.5
487.0,637.0,112.5
488.0,638.0,112.5
489.0,639.0,112.5
490.0,640.0,112.5
491.0,641.0,112.5
492.0,642.0,112.5
493.0,643.0,112.5
494.0,644.0,112.5
495.0,645.0,112.5
496.0,646.0,112.5
497.0,647.0,112.5
498.0,648.0,112.5
499.0,649.0,112.5
500.0,650.0,112.5
501.0,651.0,112.5
502.0,652.0,112.5
503.0,653.0,112.5
504.0,654.0,112.5
505.0,655.0,112.5
506.0,656.0,112.5
507.0,657.0,112.5
508.0,658.0,112.5
509.0,659.0,112.5
510.0,660.0,112.5
511.0,661.0,112.5
512.0,662.0,112.5
513.0,663.0,112.5
514.0,664.0,112.5
515.0,665.0,112.5
516.0,666.0,112.5
517.0,667.0,112.5
518.0,668.0,112.5
519.0,669.0,112.5
520.0,670.0,112.5
521.0,671.0,112.5
522.0,672.0,112.5
523.0,673.0,112.5
524.0,674.0,112.5
525.0,675.0,112.5
526.0,676.0,112.5
527.0,677.0,112.5
528.0,678.0,112.5
529.0,679.0,112.5
530.0,680.0,112.5
531.0,681.0,112.5
532.0,682.0,112.5
533.0,683.0,112.5
534.0,684.0,112.5
535.0,685.0,112.5
536.0,686.0,112.5
537.0,687.0,112.5
538.0,688.0,112.5
539.0,689.0,112.5
540.0,690.0,112.5
541.0,691.0,112.5
542.0,692.0,112.5
543.0,693.0,112.5
544.0,694.0,112.5
545.0,695.0,112.5
546.0,696.0,112.5
547.0,697.0,112.5
548.0,698.0,112.5
549.0,699.0,112.5
550.0,700.0,112.5
551.0,701.0,112.5
552.0,702.0,112.5
553.0,703.0,112.5
554.0,704.0,112.5
555.0,705.0,112.5
556.0,706.0,112.5
557.0,707.0,112.5
558.0,708.0,112.5
559.0,709.0,112.5
560.0,710.0,112.5
561.0,711.0,112.5
562.0,712.0,112.5
563.0,713.0,112.5
564.0,714.0,112.5
565.0,715.0,112.5
566.0,716.0,112.5
567.0,717.0,112.5
568.0,718.0,112.5
569.0,719.0,112.5
570.0,720.0,112.5
571.0,721.0,112.5
572.0,722.0,112.5
573.0,723.0,112.5
574.0,724.0,112.5
575.0,725.0,112.5
576.0,726.0,112.5
577.0,727.0,112.5
578.0,728.0,112.5
579.0,729.0,112.5
580.0,730.0,112.5
581.0,731.0,112.5
582.0,732.0,112.5
583.0,733.0,112.5
584.0,734.0,112.5
585.0,735.0,112.5
586.0,736.0,112.5
587.0,737.0,112.5
588.0,738.0,112.5
589.0,739.0,112.5
590.0,740.0,112.5
591.0,741.0,112.5
592.0,742.0,112.5
593.0,743.0,112.5
594.0,744.0,112.5
595.0,745.0,112.5
596.0,746.0,112.5
597.0,747.0,112.5
598.0,748.0,112.5
599.0,749.0,112.5
600.0,750.0,112.5
601.0,751.0,112.5
602.0,752.0,112.5
603.0,753.0,112.5
604.0,754.0,112.5
605.0,755.0,112.5
606.0,756.0,112.5
607.0,757.0,112.5
608.0,758.0,112.5
609.0,759.0,112.5
610.0,760.0,112.5
611.0,761.0,112.5
612.0,762.0,112.5
613.0,763.0,112.5
614.0,764.0,112.5
615.0,765.0,112.5
616.0,766.0,112.5
617.0,767.0,112.5
618.0,768.0,112.5
619.0,769.0,112.5
620.0,770.0,112.5
621.0,771.0,112.5
622.0,772.0,112.5
623.0,773.0,112.5
624.0,774.0,112.5
625.0,775.0,112.5
626.0,776.0,112.5
627.0,777.0,112.5
628.1,778.1,112.5
629.1,779.1,112.5
630.1,780.1,112.5
631.1,781.1,112.5
632.1,782.1,112.5
633.1,783.1,112.5
634.1,784.1,112.5
635.1,785.1,112.5
636.1,786.1,112.5
637.1,787.1,112.5
638.1,788.1,112.5
639.1,789.1,112.5
640.1,790.1,112.5
641.1,791.1,112.5
642.1,792.1,112.5
643.1,793.1,112.5
644.1,794.1,112.5
645.1,795.1,112.5
646.1,796.1,112.5
647.1,797.1,112.5
648.1,798.1,112.5
649.1,799.1,112.5
650.1,800.1,112.5
651.1,801.1,112.5
652.1,802.1,112.5
653.1,803.1,112.5
654.1,804.1,112.5
655.1,805.1,112.5
656.1,806.1,112.5
657.1,807.1,112.5
658.1,808.1,112.5
659.1,809.1,112.5
660.1,810.1,112.5
661.1,811.1,112.5
662.1,812.1,112.5
663.1,813.1,112.5
664.1,814.1,112.5
665.1,815.1,112.5
666.1,816.1,112.5
667.1,817.1,112.5
668.1,818.1,112.5
669.1,819.1,112.5
670.1,820.1,112.5
671.1,821.1,112.5
672.1,822.1,112.5
673.1,823.1,112.5
674.1,824.1,112.5
675.1,825.1,112.5
676.1,826.1,112.5
677.1,827.1,112.5
678.1,828.1,112.5
679.1,829.1,112.5
680.1,830.1,112.5
681.1,831.1,112.5
682.1,832.1,112.5
683.1,833.1,112.5
684.1,834.1,112.5
685.1,835.1,112.5
686.1,836.1,112.5
687.1,837.1,112.5
688.1,838.1,112.5
689.1,839.1,112.5
690.1,840.1,112.5
691.1,841.1,112.5
692.1,842.1,112.5
693.1,843.1,112.5
694.1,844.1,112.5
695.1,845.1,112.5
696.1,846.1,112.5
697.1,847.1,112.5
698.1,848.1,112.5
699.1,849.1,112.5
700.1,850.1,112.5
701.1,851.1,112.5
702.1,852.1,112.5
703.1,853.1,112.5
704.1,854.1,112.5
705.1,855.1,112.5
706.1,856.1,112.5
707.1,857.1,112.5
708.1,858.1,112.5
709.1,859.1,112.5
710.1,860.1,112.5
711.1,861.1,112.5
712.1,862.1,112.5
713.1,863.1,112.5
714.1,864.1,112.5
715.1,865.1,112.5
716.1,866.1,112.5
717.1,867.1,112.5
718.1,868.1,112.5
719.1,869.1,112.5
720.1,870.1,112.5
721.1,871.1,112.5
722.1,872.1,112.5
723.1,873.1,112.5
724.1,874.1,112.5
725.1,875.1,112.5
726.1,876.1,112.5
727.1,877.1,112.5
728.1,878.1,112.5
729.1,879.1,112.5
730.1,880.1,112.5
731.1,881.1,112.5
732.1,882.1,112.5
733.1,883.1,112.5
734.1,884.1,112.5
735.1,885.1,112.5
736.1,886.1,112.5
737.1,887.1,112.5
738.1,888.1,112.5
739.1,889.1,112.5
740.1,890.1,112.5
741.1,891.1,112.5
742.1,892.1,112.5
743.1,893.1,112.5
744.1,894.1,112.5
745.1,895.1,112.5
746.1,896.1,112.5
747.1,897.1,112.5
748.1,898.1,112.5
749.1,899.1,112.5
750.1,900.1,112.5
751.1,901.1,112.5
752.1,902.1,112.5
753.1,903.1,112.5
754.1,904.1,112.5
755.1,905.1,112.5
756.1,906.1,112.5
757.1,907.1,112.5
758.1,908.1,112.5
759.1,909.1,112.5
760.1,910.1,112.5
761.1,911.1,112.5
762.1,912.1,112.5
763.1,913.1,112.5
764.1,914.1,112.5
765.1,915.1,112.5
766.1,916.1,112.5
767.1,917.1,112.5
768.1,918.1,112.5
769.1,919.1,112.5
770.1,920.1,112.5
771.1,921.1,112.5
772.1,922.1,112.5
773.1,923.1,112.5
774.1,924.1,112.5
775.1,925.1,112.5
776.1,926.1,112.5
777.1,927.1,112.5
778.1,928.1,112.5
779.1,929.1,112.5
780.1,930.1,112.5
781.1,931.1,112.5
782.1,932.1,112.5
783.1,933.1,112.5
784.1,934.1,112.5
785.1,935.1,112.5
786.1,936.1,112.5
787.1,937.1,112.5
788.1,938.1,112.5
789.1,939.1,112.5
790.1,940.1,112.5
791.1,941.1,112.5
792.1,942.1,112.5
793.1,943.1,112.5
794.1,944.1,112.5
795.1,945.1,112.5
796.1,946.1,112.5
797.1,947.1,112.5
798.1,948.1,112.5
799.1,949.1,112.5
800.1,950.1,112.5
801.1,951.1,112.5
802.1,952.1,112.5
803.1,953.1,112.5
804.1,954.1,112.5
805.1,955.1,112.5
806.1,956.1,112.5
807.1,957.1,112.5
808.1,958.1,112.5
809.1,959.1,112.5
810.1,960.1,112.5
811.1,961.1,112.5
812.1,962.1,112.5
813.1,963.1,112.5
814.1,964.1,112.5
815.1,965.1,112.5
816.1,966.1,112.5
817.1,967.1,112.5
818.1,968.1,112.5
819.1,969.1,112.5
820.1,970.1,112.5
821.1,971.1,112.5
822.1,972.1,112.5
823.1,973.1,112.5
824.1,974.1,112.5
825.1,975.1,112.5
826.1,976.1,112.5
827.1,977.1,112.5
828.1,978.1,112.5
829.1,979.1,112.5
830.1,980.1,112.5
831.1,981.1,112.5
832.1,982.1,112.5
833.1,983.1,112.5
834.1,984.1,112.5
835.1,985.1,112.5
836.1,986.1,112.5
837.1,987.1,112.5
838.1,988.1,112.5
839.1,989.1,112.5
840.1,990.1,112.5
841.1,991.1,112.5
842.1,992.1,112.5
843.1,993.1,112.5
844.1,994.1,112.5
845.1,995.1,112.5
846.1,996.1,112.5
847.1,997.1,112.5
848.1,998.1,112.5
849.1,999.1,112.5
850.1,1000.1,112.5
851.1,1001.1,112.5
852.1,1002.1,112.5
853.1,1003.1,112.5
854.1,1004.1,112.5
855.1,1005.1,112.5
856.1,1006.1,112.5
857.1,1007.1,112.5
858.1,1008.1,112.5
859.1,1009.1,112.5
860.1,1010.1,112.5
861.1,1011.1,112.5
862.1,1012.1,112.5
863.1,1013.1,112.5
864.1,1014.1,112.5
865.1,1015.1,112.5
866.1,1016.1,112.5
867.1,1017.1,112.5
868.1,1018.1,112.5
869.1,1019.1,112.5
870.1,1020.1,112.5
871.1,1021.1,112.5
872.1,1022.1,112.5
873.1,1023.1,112.5
874.1,1024.1,112.5
875.1,1025.1,112.5
876.1,1026.1,112.5
877.1,1027.1,112.5
878.1,1028.1,112.5
879.1,1029.1,112.5
880.1,1030.1,112.5
881.1,1031.1,112.5
882.1,1032.1,112.5
883.1,1033.1,112.5
884.1,1034.1,112.5
885.1,1035.1,112.5
886.1,1036.1,112.5
887.1,1037.1,112.5
888.1,1038.1,112.5
889.1,1039.1,112.5
890.1,1040.1,112.5
891.1,1041.1,112.5
892.1,1042.1,112.5
893.1,1043.1,112.5
894.1,1044.1,112.5
895.1,1045.1,112.5
896.1,1046.1,112.5
897.1,1047.1,112.5
898.1,1048.1,112.5
899.1,1049.1,112.5
900.1,1050.1,112.5
901.1,1051.1,112.5
902.1,1052.1,112.5
903.1,1053.1,112.5
904.1,1054.1,112.5
905.1,1055.1,112.5
906.1,1056.1,112.5
907.1,1057.1,112.5
908.1,1058.1,112.5
909.1,1059.1,112.6
910.1,1060.1,112.7
911.1,1061.1,112.8
912.1,1062.1,112.9
913.1,1063.1,112.9
914.1,1064.1,113.0
915.1,1065.0,113.1
916.1,1066.0,113.3
917.1,1067.0,113.5
918.1,1068.0,113.8
919.1,1068.9,114.0
920.1,1069.9,114.2
921.1,1070.9,114.5
922.1,1071.9,114.7
923.1,1072.8,114.9
924.1,1073.8,115.3
925.1,1074.7,115.7
926.1,1075.6,116.1
927.1,1076.5,116.4
928.1,1077.5,116.8
929.1,1078.4,117.2
930.1,1079.3,117.6
931.1,1080.2,118.0
932.1,1081.1,118.5
933.1,1081.9,119.0
934.1,1082.8,119.5
935.1,1083.6,120.1
936.1,1084.5,120.6
937.1,1085.3,121.1
938.1,1086.2,121.6
939.1,1087.0,122.2
940.1,1087.8,122.8
941.1,1088.6,123.5
942.1,1089.3,124.1
943.1,1090.1,124.8
944.1,1090.8,125.4
945.1,1091.6,126.1
946.1,1092.4,126.7
947.1,1093.1,127.4
948.1,1093.7,128.2
949.1,1094.4,128.9
950.1,1095.0,129.7
951.1,1095.7,130.4
952.1,1096.3,131.2
953.1,1097.0,132.0
954.1,1097.6,132.7
955.1,1098.2,133.5
956.1,1098.7,134.4
957.1,1099.3,135.2
958.1,1099.8,136.1
959.1,1100.3,136.9
960.1,1100.8,137.8
961.1,1101.3,138.7
962.1,1101.9,139.5
963.1,1102.3,140.4
964.1,1102.7,141.3
965.1,1103.1,142.3
966.1,1103.4,143.2
967.1,1103.8,144.1
968.1,1104.2,145.0
969.1,1104.6,145.9
970.1,1105.0,146.9
971.1,1105.2,147.8
972.1,1105.5,148.8
973.1,1105.7,149.8
974.1,1105.9,150.8
975.1,1106.2,151.7
976.1,1106.4,152.7
977.1,1106.6,153.7
978.1,1106.9,154.6
979.1,1107.0,155.6
980.1,1107.0,156.6
981.1,1107.1,157.6
982.1,1107.2,158.6
983.1,1107.3,159.6
984.1,1107.4,160.6
985.1,1107.4,161.6
986.1,1107.5,162.6
987.1,1107.4,163.6
988.1,1107.3,164.6
989.1,1107.3,165.6
990.1,1107.2,166.6
991.1,1107.1,167.6
992.1,1107.0,168.6
993.1,1106.9,169.6
994.1,1106.8,170.6
995.1,1106.6,171.6
996.1,1106.4,172.5
997.1,1106.1,173.5
998.1,1105.9,174.5
999.1,1105.7,175.5
1000.1,1105.4,176.4
1001.1,1105.2,177.4
1002.1,1104.9,178.3
1003.1,1104.5,179.3
1004.1,1104.1,180.2
1005.1,1103.7,181.1
1006.1,1103.4,182.0
1007.1,1103.0,183.0
1008.1,1102.6,183.9
1009.1,1102.2,184.8
1010.1,1101.7,185.7
1011.1,1101.2,186.5
1012.1,1100.7,187.4
1013.1,1100.2,188.3
1014.1,1099.7,189.1
1015.1,1099.1,190.0
1016.1,1098.6,190.8
1017.1,1098.1,191.7
1018.1,1097.5,192.5
1019.1,1096.8,193.2
1020.1,1096.2,194.0
1021.1,1095.5,194.7
1022.1,1094.9,195.5
1023.1,1094.2,196.3
1024.1,1093.6,197.0
1025.1,1092.9,197.8
1026.1,1092.2,198.4
1027.1,1091.4,199.1
1028.1,1090.7,199.7
1029.1,1089.9,200.4
1030.1,1089.1,201.0
1031.1,1088.4,201.7
1032.1,1087.6,202.3
1033.1,1086.8,203.0
1034.1,1086.0,203.5
1035.1,1085.1,204.0
1036.1,1084.3,204.5
1037.1,1083.4,205.1
1038.1,1082.6,205.6
1039.1,1081.7,206.1
1040.1,1080.9,206.6
1041.1,1080.0,207.1
1042.1,1079.1,207.5
1043.1,1078.2,207.9
1044.1,1077.2,208.3
1045.1,1076.3,208.7
1046.1,1075.4,209.0
1047.1,1074.5,209.4
1048.1,1073.5,209.8
1049.1,1072.6,210.1
1050.1,1071.6,210.4
1051.1,1070.7,210.6
1052.1,1069.7,210.8
1053.1,1068.7,211.1
1054.1,1067.7,211.3
1055.1,1066.8,211.5
1056.1,1065.8,211.8
1057.1,1064.8,211.9
1058.1,1063.8,212.0
1059.1,1062.8,212.1
1060.1,1061.8,212.2
1061.1,1060.8,212.2
1062.1,1059.8,212.3
1063.1,1058.8,212.4
1064.1,1057.8,212.5
1065.1,1056.8,212.5
1066.1,1055.8,212.5
1067.1,1054.8,212.5
1068.1,1053.8,212.5
1069.1,1052.8,212.5
1070.1,1051.8,212.5
1071.1,1050.8,212.5
1072.1,1049.8,212.5
1073.1,1048.8,212.5
1074.1,1047.8,212.5
1075.1,1046.8,212.5
1076.1,1045.8,212.5
1077.1,1044.8,212.5
1078.1,1043.8,212.5
1079.1,1042.8,212.5
1080.1,1041.8,212.5
1081.1,1040.8,212.5
1082.1,1039.8,212.5
1083.1,1038.8,212.5
1084.1,1037.8,212.5
1085.1,1036.8,212.5
1086.1,1035.8,212.5
1087.1,1034.8,212.5
1088.1,1033.8,212.5
1089.1,1032.8,212.5
1090.1,1031.8,212.5
1091.1,1030.8,212.5
1092.1,1029.8,212.5
1093.1,1028.8,212.5
1094.1,1027.8,212.5
1095.1,1026.8,212.5
1096.1,1025.8,212.5
1097.1,1024.8,212.5
1098.1,1023.8,212.5
1099.1,1022.8,212.5
1100.1,1021.8,212.5
1101.1,1020.8,212.5
1102.1,1019.8,212.5
1103.1,1018.8,212.5
1104.1,1017.8,212.5
1105.1,1016.8,212.5
1106.1,1015.8,212.5
1107.1,1014.8,212.5
1108.1,1013.8,212.5
1109.1,1012.8,212.5
1110.1,1011.8,212.5
1111.1,1010.8,212.5
1112.1,1009.8,212.5
1113.1,1008.8,212.5
1114.1,1007.8,212.5
1115.1,1006.8,212.5
1116.1,1005.8,212.5
1117.1,1004.8,212.5
1118.1,1003.8,212.5
1119.1,1002.8,212.5
1120.1,1001.8,212.5
1121.1,1000.8,212.5
1122.1,999.8,212.5
1123.1,998.8,212.5
1124.1,997.8,212.5
1125.1,996.8,212.5
1126.1,995.8,212.5
1127.1,994.8,212.5
1128.1,993.8,212.5
1129.1,992.8,212.5
1130.1,991.8,212.5
1131.1,990.8,212.5
1132.1,989.8,212.5
1133.1,988.8,212.5
1134.1,987.8,212.5
1135.1,986.8,212.5
1136.1,985.8,212.5
1137.1,984.8,212.5
1138.1,983.8,212.5
1139.1,982.8,212.5
1140.1,981.8,212.5
1141.1,980.8,212.5
1142.1,979.8,212.5
1143.1,978.8,212.5
1144.1,977.8,212.5
1145.1,976.8,212.5
1146.1,975.8,212.5
1147.1,974.8,212.5
1148.1,973.8,212.5
1149.1,972.8,212.5
1150.1,971.8,212.5
1151.1,970.8,212.5
1152.1,969.8,212.5
1153.1,968.8,212.5
1154.1,967.8,212.5
1155.1,966.8,212.5
1156.1,965.8,212.5
1157.1,964.8,212.5
1158.1,963.8,212.5
1159.1,962.8,212.5
1160.1,961.8,212.5
1161.1,960.8,212.5
1162.1,959.8,212.5
1163.1,958.8,212.5
1164.1,957.8,212.5
1165.1,956.8,212.5
1166.1,955.8,212.5
1167.1,954.8,212.5
1168.1,953.8,212.5
1169.1,952.8,212.5
1170.1,951.8,212.5
1171.1,950.8,212.5
1172.1,949.8,212.5
1173.1,948.8,212.5
1174.1,947.8,212.5
1175.1,946.8,212.5
1176.1,945.8,212.5
1177.1,944.8,212.5
1178.1,943.8,212.5
1179.1,942.8,212.5
1180.1,941.8,212.5
1181.1,940.8,212.5
1182.1,939.8,212.5
1183.1,938.8,212.5
1184.1,937.8,212.5
1185.1,936.8,212.5
1186.1,935.8,212.5
1187.1,934.8,212.5
1188.1,933.8,212.5
1189.1,932.8,212.5
1190.1,931.8,212.5
1191.1,930.8,212.5
1192.1,929.8,212.5
1193.1,928.8,212.5
1194.1,927.8,212.5
1195.1,926.8,212.5
1196.1,925.8,212.5
1197.1,924.8,212.5
1198.1,923.8,212.5
1199.1,922.8,212.5
1200.1,921.8,212.5
1201.1,920.8,212.5
1202.1,919.8,212.5
1203.1,918.8,212.5
1204.1,917.8,212.5
1205.1,916.8,212.5
1206.1,915.8,212.5
1207.1,914.8,212.5
1208.1,913.8,212.5
1209.1,912.8,212.5
1210.1,911.8,212.5
1211.1,910.8,212.5
1212.1,909.8,212.5
1213.1,908.8,212.5
1214.1,907.8,212.5
1215.1,906.8,212.5
1216.1,905.8,212.5
1217.1,904.8,212.5
1218.1,903.8,212.5
1219.1,902.8,212.5
1220.1,901.8,212.5
1221.1,900.8,212.5
1222.1,899.8,212.5
1223.1,898.8,212.5
1224.1,897.8,212.5
1225.1,896.8,212.5
1226.1,895.8,212.5
1227.1,894.8,212.5
1228.1,893.8,212.5
1229.1,892.8,212.5
1230.1,891.8,212.5
1231.1,890.8,212.5
1232.1,889.8,212.5
1233.1,888.8,212.5
1234.1,887.8,212.5
1235.1,886.8,212.5
1236.1,885.8,212.5
1237.1,884.8,212.5
1238.1,883.8,212.5
1239.1,882.8,212.5
1240.1,881.8,212.5
1241.1,880.8,212.5
1242.1,879.8,212.5
1243.1,878.8,212.5
1244.1,877.8,212.5
1245.1,876.8,212.5
1246.1,875.8,212.5
1247.1,874.8,212.5
1248.1,873.8,212.5
1249.1,872.8,212.5
1250.1,871.8,212.5
1251.1,870.8,212.5
1252.1,869.8,212.5
1253.1,868.8,212.5
1254.1,867.8,212.5
1255.1,866.8,212.5
1256.1,865.8,212.5
1257.1,864.8,212.5
1258.1,863.8,212.5
1259.1,862.8,212.5
1260.1,861.8,212.5
1261.1,860.8,212.5
1262.1,859.8,212.5
1263.1,858.8,212.5
1264.1,857.8,212.5
1265.1,856.8,212.5
1266.1,855.8,212.5
1267.1,854.8,212.5
1268.1,853.8,212.5
1269.1,852.8,212.5
1270.1,851.8,212.5
1271.1,850.8,212.5
1272.1,849.8,212.5
1273.1,848.8,212.5
1274.1,847.8,212.5
1275.1,846.8,212.5
1276.1,845.8,212.5
1277.1,844.8,212.5
1278.1,843.8,212.5
1279.1,842.8,212.5
1280.1,841.8,212.5
1281.1,840.8,212.5
1282.1,839.8,212.5
1283.1,838.8,212.5
1284.1,837.8,212.5
1285.1,836.8,212.5
1286.1,835.8,212.5
1287.1,834.8,212.5
1288.1,833.8,212.5
1289.1,832.8,212.5
1290.1,831.8,212.5
1291.1,830.8,212.5
1292.1,829.8,212.5
1293.1,828.8,212.5
1294.1,827.8,212.5
1295.1,826.8,212.5
1296.1,825.8,212.5
1297.1,824.8,212.5
1298.1,823.8,212.5
1299.1,822.8,212.5
1300.1,821.8,212.5
1301.1,820.8,212.5
1302.1,819.8,212.5
1303.1,818.8,212.5
1304.1,817.8,212.5
1305.1,816.8,212.5
1306.1,815.8,212.5
1307.1,814.8,212.5
1308.1,813.8,212.5
1309.1,812.8,212.5
1310.1,811.8,212.5
1311.1,810.8,212.5
1312.1,809.8,212.5
1313.1,808.8,212.5
1314.1,807.8,212.5
1315.1,806.8,212.5
1316.1,805.8,212.5
1317.1,804.8,212.5
1318.1,803.8,212.5
1319.1,802.8,212.5
1320.1,801.8,212.5
1321.1,800.8,212.5
1322.1,799.8,212.5
1323.1,798.8,212.5
1324.1,797.8,212.5
1325.1,796.8,212.5
1326.1,795.8,212.5
1327.1,794.8,212.5
1328.1,793.8,212.5
1329.1,792.8,212.5
1330.1,791.8,212.5
1331.1,790.8,212.5
1332.1,789.8,212.5
1333.1,788.8,212.5
1334.1,787.8,212.5
1335.1,786.8,212.5
1336.1,785.8,212.5
1337.1,784.8,212.5
1338.1,783.8,212.5
1339.1,782.8,212.5
1340.1,781.8,212.5
1341.1,780.8,212.5
1342.1,779.8,212.5
1343.1,778.8,212.5
1344.1,777.8,212.5
1345.1,776.8,212.5
1346.1,775.8,212.5
1347.1,774.8,212.5
1348.1,773.8,212.5
1349.1,772.8,212.5
1350.1,771.8,212.5
1351.1,770.8,212.5
1352.1,769.8,212.5
1353.1,768.8,212.5
1354.1,767.8,212.5
1355.1,766.8,212.5
1356.1,765.8,212.5
1357.1,764.8,212.5
1358.1,763.8,212.5
1359.1,762.8,212.5
1360.1,761.8,212.5
1361.1,760.8,212.5
1362.1,759.8,212.5
1363.1,758.8,212.5
1364.1,757.8,212.5
1365.1,756.8,212.5
1366.1,755.8,212.5
1367.1,754.8,212.5
1368.1,753.8,212.5
1369.1,752.8,212.5
1370.1,751.8,212.5
1371.1,750.8,212.5
1372.1,749.8,212.5
1373.1,748.8,212.5
1374.1,747.8,212.5
1375.1,746.8,212.5
1376.1,745.8,212.5
1377.1,744.8,212.5
1378.1,743.8,212.5
1379.1,742.8,212.5
1380.1,741.8,212.5
1381.1,740.8,212.5
1382.1,739.8,212.5
1383.1,738.8,212.5
1384.1,737.8,212.5
1385.1,736.8,212.5
1386.1,735.8,212.5
1387.1,734.8,212.5
1388.1,733.8,212.5
1389.1,732.8,212.5
1390.1,731.8,212.5
1391.1,730.8,212.5
1392.1,729.8,212.5
1393.1,728.8,212.5
1394.1,727.8,212.5
1395.1,726.8,212.5
1396.1,725.8,212.5
1397.1,724.8,212.5
1398.1,723.8,212.5
1399.1,722.8,212.5
1400.1,721.8,212.5
1401.1,720.8,212.5
1402.1,719.8,212.5
1403.1,718.8,212.5
1404.1,717.8,212.5
1405.1,716.8,212.5
1406.1,715.8,212.5
1407.1,714.8,212.5
1408.1,713.8,212.5
1409.1,712.8,212.5
1410.1,711.8,212.5
1411.1,710.8,212.5
1412.1,709.8,212.5
1413.1,708.8,212.5
1414.1,707.8,212.5
1415.1,706.8,212.5
1416.1,705.8,212.5
1417.1,704.8,212.5
1418.1,703.8,212.5
1419.1,702.8,212.5
1420.1,701.8,212.5
1421.1,700.8,212.5
1422.1,699.8,212.5
1423.1,698.8,212.5
1424.1,697.8,212.5
1425.1,696.8,212.5
1426.1,695.8,212.5
1427.1,694.8,212.5
1428.1,693.8,212.5
1429.1,692.8,212.5
1430.1,691.8,212.5
1431.1,690.8,212.5
1432.1,689.8,212.5
1433.1,688.8,212.5
1434.1,687.8,212.5
1435.1,686.8,212.5
1436.1,685.8,212.5
1437.1,684.8,212.5
1438.1,683.8,212.5
1439.1,682.8,212.5
1440.1,681.8,212.5
1441.1,680.8,212.5
1442.1,679.8,212.5
1443.1,678.8,212.5
1444.1,677.8,212.5
1445.1,676.8,212.5
1446.1,675.8,212.5
1447.1,674.8,212.5
1448.1,673.8,212.5
1449.1,672.8,212.5
1450.1,671.8,212.5
1451.1,670.8,212.5
1452.1,669.8,212.5
1453.1,668.8,212.5
1454.1,667.8,212.5
1455.1,666.8,212.5
1456.1,665.8,212.5
1457.1,664.8,212.5
1458.1,663.8,212.5
1459.1,662.8,212.5
1460.1,661.8,212.5
1461.1,660.8,212.5
1462.1,659.8,212.5
1463.1,658.8,212.5
1464.1,657.8,212.5
1465.1,656.8,212.5
1466.1,655.8,212.5
1467.1,654.8,212.5
1468.1,653.8,212.5
1469.1,652.8,212.5
1470.1,651.8,212.5
1471.1,650.8,212.5
1472.1,649.8,212.5
1473.1,648.8,212.5
1474.1,647.8,212.5
1475.1,646.8,212.5
1476.1,645.8,212.5
1477.1,644.8,212.5
1478.1,643.8,212.5
1479.1,642.8,212.5
1480.1,641.8,212.5
1481.1,640.8,212.5
1482.1,639.8,212.5
1483.1,638.8,212.5
1484.1,637.8,212.5
1485.1,636.8,212.5
1486.1,635.8,212.5
1487.1,634.8,212.5
1488.1,633.8,212.5
1489.1,632.8,212.5
1490.1,631.8,212.5
1491.1,630.8,212.5
1492.1,629.8,212.5
1493.1,628.8,212.5
1494.1,627.8,212.5
1495.1,626.8,212.5
1496.1,625.8,212.5
1497.1,624.8,212.5
1498.1,623.8,212.5
1499.1,622.8,212.5
1500.1,621.8,212.5
1501.1,620.8,212.5
1502.1,619.8,212.5
1503.1,618.8,212.5
1504.1,617.8,212.5
1505.1,616.8,212.5
1506.1,615.8,212.5
1507.1,614.8,212.5
1508.1,613.8,212.5
1509.1,612.8,212.5
1510.1,611.8,212.5
1511.1,610.8,212.5
1512.1,609.8,212.5
1513.1,608.8,212.5
1514.1,607.8,212.5
1515.1,606.8,212.5
1516.1,605.8,212.5
1517.1,604.8,212.5
1518.1,603.8,212.5
1519.1,602.8,212.5
1520.1,601.8,212.5
1521.1,600.8,212.5
1522.1,599.8,212.5
1523.1,598.8,212.5
1524.1,597.8,212.5
1525.1,596.8,212.5
1526.1,595.8,212.5
1527.1,594.8,212.5
1528.1,593.8,212.5
1529.1,592.8,212.5
1530.1,591.8,212.5
1531.1,590.8,212.5
1532.1,589.8,212.5
1533.1,588.8,212.5
1534.1,587.8,212.5
1535.1,586.8,212.5
1536.1,585.8,212.5
1537.1,584.8,212.5
1538.1,583.8,212.5
1539.1,582.8,212.5
1540.1,581.8,212.5
1541.1,580.8,212.5
1542.1,579.8,212.5
1543.1,578.8,212.5
1544.1,577.8,212.5
1545.1,576.8,212.5
1546.1,575.8,212.5
1547.1,574.8,212.5
1548.1,573.8,212.5
1549.1,572.8,212.5
1550.1,571.8,212.5
1551.1,570.8,212.5
1552.1,569.8,212.5
1553.1,568.8,212.5
1554.1,567.8,212.5
1555.1,566.8,212.5
1556.1,565.8,212.5
1557.1,564.8,212.5
1558.1,563.8,212.5
1559.1,562.8,212.5
1560.1,561.8,212.5
1561.1,560.8,212.5
1562.1,559.8,212.5
1563.1,558.8,212.5
1564.1,557.8,212.5
1565.1,556.8,212.5
1566.1,555.8,212.5
1567.1,554.8,212.5
1568.1,553.8,212.5
1569.1,552.8,212.5
1570.1,551.8,212.5
1571.1,550.8,212.5
1572.1,549.8,212.5
1573.1,548.8,212.5
1574.1,547.8,212.5
1575.1,546.8,212.5
1576.1,545.8,212.5
1577.1,544.8,212.5
1578.1,543.8,212.5
1579.1,542.8,212.5
1580.1,541.8,212.5
1581.1,540.8,212.5
1582.1,539.8,212.5
1583.1,538.8,212.5
1584.1,537.8,212.5
1585.1,536.8,212.5
1586.1,535.8,212.5
1587.1,534.8,212.5
1588.1,533.8,212.5
1589.1,532.8,212.5
1590.1,531.8,212.5
1591.1,530.8,212.5
1592.1,529.8,212.5
1593.1,528.8,212.5
1594.1,527.8,212.5
1595.1,526.8,212.5
1596.1,525.8,212.5
1597.1,524.8,212.5
1598.1,523.8,212.5
1599.1,522.8,212.5
1600.1,521.8,212.5
1601.1,520.8,212.5
1602.1,519.8,212.5
1603.1,518.8,212.5
1604.1,517.8,212.5
1605.1,516.8,212.5
1606.1,515.8,212.5
1607.1,514.8,212.5
1608.1,513.8,212.5
1609.1,512.8,212.5
1610.1,511.8,212.5
1611.1,510.8,212.5
1612.1,509.8,212.5
1613.1,508.8,212.5
1614.1,507.8,212.5
1615.1,506.8,212.5
1616.1,505.8,212.5
1617.1,504.8,212.5
1618.1,503.8,212.5
1619.1,502.8,212.5
1620.1,501.8,212.5
1621.1,500.8,212.5
1622.1,499.8,212.5
1623.1,498.8,212.5
1624.1,497.8,212.5
1625.1,496.8,212.5
1626.1,495.8,212.5
1627.1,494.8,212.5
1628.1,493.8,212.5
1629.1,492.8,212.5
1630.1,491.8,212.5
1631.1,490.8,212.5
1632.1,489.8,212.5
1633.1,488.8,212.5
1634.1,487.8,212.5
1635.1,486.8,212.5
1636.1,485.8,212.5
1637.1,484.8,212.5
1638.1,483.8,212.5
1639.1,482.8,212.5
1640.1,481.8,212.5
1641.1,480.8,212.5
1642.1,479.8,212.5
1643.1,478.8,212.5
1644.1,477.8,212.5
1645.1,476.8,212.5
1646.1,475.8,212.5
1647.1,474.8,212.5
1648.1,473.8,212.5
1649.1,472.8,212.5
1650.1,471.8,212.5
1651.1,470.8,212.5
1652.1,469.8,212.5
1653.1,468.8,212.5
1654.1,467.8,212.5
1655.1,466.8,212.5
1656.1,465.8,212.5
1657.1,464.8,212.5
1658.1,463.8,212.5
1659.1,462.8,212.5
1660.1,461.8,212.5
1661.1,460.8,212.5
1662.1,459.8,212.5
1663.1,458.8,212.5
1664.1,457.8,212.5
1665.1,456.8,212.5
1666.1,455.8,212.5
1667.1,454.8,212.5
1668.1,453.8,212.5
1669.1,452.8,212.5
1670.1,451.8,212.5
1671.1,450.8,212.5
1672.1,449.8,212.5
1673.1,448.8,212.5
1674.1,447.8,212.5
1675.1,446.8,212.5
1676.1,445.8,212.5
1677.1,444.8,212.5
1678.1,443.8,212.5
1679.1,442.8,212.5
1680.1,441.8,212.5
1681.1,440.8,212.5
1682.1,439.8,212.5
1683.1,438.8,212.5
1684.1,437.8,212.5
1685.1,436.8,212.5
1686.1,435.8,212.5
1687.1,434.8,212.5
1688.1,433.8,212.5
1689.1,432.8,212.5
1690.1,431.8,212.5
1691.1,430.8,212.5
1692.1,429.8,212.5
1693.1,428.8,212.5
1694.1,427.8,212.5
1695.1,426.8,212.5
1696.1,425.8,212.5
1697.1,424.8,212.5
1698.1,423.8,212.5
1699.1,422.8,212.5
1700.1,421.8,212.5
1701.1,420.8,212.5
1702.1,419.8,212.5
1703.1,418.8,212.5
1704.1,417.8,212.5
1705.1,416.8,212.5
1706.1,415.8,212.5
1707.1,414.8,212.5
1708.1,413.8,212.5
1709.1,412.8,212.5
1710.1,411.8,212.5
1711.1,410.8,212.5
1712.1,409.8,212.5
1713.1,408.8,212.5
1714.1,407.8,212.5
1715.1,406.8,212.5
1716.1,405.8,212.5
1717.1,404.8,212.5
1718.1,403.8,212.5
1719.1,402.8,212.5
1720.1,401.8,212.5
1721.1,400.8,212.5
1722.1,399.8,212.5
1723.1,398.8,212.5
1724.1,397.8,212.5
1725.1,396.8,212.5
1726.1,395.8,212.5
1727.1,394.8,212.5
1728.1,393.8,212.5
1729.1,392.8,212.5
1730.1,391.8,212.5
1731.1,390.8,212.5
1732.1,389.8,212.5
1733.1,388.8,212.5
1734.1,387.8,212.5
1735.1,386.8,212.5
1736.1,385.8,212.5
1737.1,384.8,212.5
1738.1,383.8,212.5
1739.1,382.8,212.5
1740.1,381.8,212.5
1741.1,380.8,212.5
1742.1,379.8,212.5
1743.1,378.8,212.5
1744.1,377.8,212.5
1745.1,376.8,212.5
1746.1,375.8,212.5
1747.1,374.8,212.5
1748.1,373.8,212.5
1749.1,372.8,212.5
1750.1,371.8,212.5
1751.1,370.8,212.5
1752.1,369.8,212.5
1753.1,368.8,212.5
1754.1,367.8,212.5
1755.1,366.8,212.5
1756.1,365.8,212.5
1757.1,364.8,212.5
1758.1,363.8,212.5
1759.1,362.8,212.5
1760.1,361.8,212.5
1761.1,360.8,212.5
1762.1,359.8,212.5
1763.1,358.8,212.5
1764.1,357.8,212.5
1765.1,356.8,212.5
1766.1,355.8,212.5
1767.1,354.8,212.5
1768.1,353.8,212.5
1769.1,352.8,212.5
1770.1,351.8,212.5
1771.1,350.8,212.5
1772.1,349.8,212.5
1773.1,348.8,212.5
1774.1,347.8,212.5
1775.1,346.8,212.5
1776.1,345.8,212.5
1777.1,344.8,212.5
1778.1,343.8,212.5
1779.1,342.8,212.5
1780.1,341.8,212.5
1781.1,340.8,212.5
1782.1,339.8,212.5
1783.1,338.8,212.5
1784.1,337.8,212.5
1785.1,336.8,212.5
1786.1,335.8,212.5
1787.1,334.8,212.5
1788.1,333.8,212.5
1789.1,332.8,212.5
1790.1,331.8,212.5
1791.1,330.8,212.5
1792.1,329.8,212.5
1793.1,328.8,212.5
1794.1,327.8,212.5
1795.1,326.8,212.5
1796.1,325.8,212.5
1797.1,324.8,212.5
1798.1,323.8,212.5
1799.1,322.8,212.5
1800.1,321.8,212.5
1801.1,320.8,212.5
1802.1,319.8,212.5
1803.1,318.8,212.5
1804.1,317.8,212.5
1805.1,316.8,212.5
1806.1,315.8,212.5
1807.1,314.8,212.5
1808.1,313.8,212.5
1809.1,312.8,212.5
1810.1,311.8,212.5
1811.1,310.8,212.5
1812.1,309.8,212.5
1813.1,308.8,212.5
1814.1,307.8,212.5
1815.1,306.8,212.5
1816.1,305.8,212.5
1817.1,304.8,212.5
1818.1,303.8,212.5
1819.1,302.8,212.5
1820.1,301.8,212.5
1821.1,300.8,212.5
1822.1,299.8,212.5
1823.1,298.8,212.5
1824.1,297.8,212.5
1825.1,296.8,212.5
1826.1,295.8,212.5
1827.1,294.8,212.5
1828.1,293.8,212.5
1829.1,292.8,212.5
1830.1,291.8,212.5
1831.1,290.8,212.5
1832.1,289.8,212.5
1833.1,288.8,212.5
1834.1,287.8,212.5
1835.1,286.8,212.5
1836.1,285.8,212.5
1837.1,284.8,212.5
1838.1,283.8,212.5
1839.1,282.8,212.5
1840.1,281.8,212.5
1841.1,280.8,212.5
1842.1,279.8,212.5
1843.1,278.8,212.5
1844.1,277.8,212.5
1845.1,276.8,212.5
1846.1,275.8,212.5
1847.1,274.8,212.5
1848.1,273.8,212.5
1849.1,272.8,212.5
1850.1,271.8,212.5
1851.1,270.8,212.5
1852.1,269.8,212.5
1853.1,268.8,212.5
1854.1,267.8,212.5
1855.1,266.8,212.5
1856.1,265.8,212.5
1857.1,264.8,212.5
1858.1,263.8,212.5
1859.1,262.8,212.5
1860.1,261.8,212.5
1861.1,260.8,212.5
1862.1,259.8,212.5
1863.1,258.8,212.5
1864.1,257.8,212.5
1865.1,256.8,212.5
1866.1,255.8,212.5
1867.1,254.8,212.5
1868.1,253.8,212.5
1869.1,252.8,212.5
1870.1,251.8,212.5
1871.1,250.8,212.5
1872.1,249.8,212.5
1873.1,248.8,212.6
1874.1,247.8,212.7
1875.1,246.8,212.8
1876.1,245.8,212.8
1877.1,244.8,212.9
1878.1,243.8,213.0
1879.1,242.8,213.1
1880.1,241.8,213.2
1881.1,240.8,213.4
1882.2,239.9,213.7
1883.2,238.9,213.9
1884.2,237.9,214.1
1885.2,236.9,214.4
1886.2,236.0,214.6
1887.2,235.0,214.8
1888.2,234.0,215.2
1889.2,233.1,215.5
1890.2,232.2,215.9
1891.2,231.3,216.3
1892.2,230.4,216.7
1893.2,229.4,217.1
1894.2,228.5,217.5
1895.2,227.6,217.8
1896.2,226.7,218.3
1897.2,225.9,218.8
1898.2,225.0,219.4
1899.2,224.1,219.9
1900.2,223.3,220.4
1901.2,222.4,220.9
1902.2,221.6,221.4
1903.2,220.7,222.0
1904.2,220.0,222.6
1905.2,219.2,223.3
1906.2,218.4,223.9
1907.2,217.7,224.5
1908.2,216.9,225.2
1909.2,216.2,225.8
1910.2,215.4,226.5
1911.2,214.6,227.1
1912.2,214.0,227.9
1913.2,213.3,228.7
1914.2,212.7,229.4
1915.2,212.0,230.2
1916.2,211.4,231.0
1917.2,210.7,231.7
1918.2,210.1,232.5
1919.2,209.5,233.2
1920.2,208.9,234.1
1921.2,208.4,235.0
1922.2,207.9,235.8
1923.2,207.4,236.7
1924.2,206.9,237.5
1925.2,206.3,238.4
1926.2,205.8,239.2
1927.2,205.3,240.1
1928.2,204.9,241.0
1929.2,204.6,241.9
1930.2,204.2,242.9
1931.2,203.8,243.8
1932.2,203.4,244.7
1933.2,203.0,245.6
1934.2,202.7,246.6
1935.2,202.3,247.5
1936.2,202.1,248.5
1937.2,201.9,249.4
1938.2,201.6,250.4
1939.2,201.4,251.4
1940.2,201.2,252.4
1941.2,200.9,253.3
1942.2,200.7,254.3
1943.2,200.6,255.3
1944.2,200.5,256.3
1945.2,200.4,257.3
1946.2,200.3,258.3
1947.2,200.3,259.3
1948.2,200.2,260.3
1949.2,200.1,261.3
1950.2,200.0,262.3
1951.2,200.1,263.3
1952.2,200.1,264.3
1953.2,200.2,265.3
1954.2,200.3,266.3
1955.2,200.4,267.3
1956.2,200.5,268.3
1957.2,200.5,269.3
1958.2,200.6,270.3
1959.2,200.8,271.2
1960.2,201.1,272.2
1961.2,201.3,273.2
1962.2,201.5,274.1
1963.2,201.8,275.1
1964.2,202.0,276.1
1965.2,202.2,277.1
1966.2,202.5,278.0
1967.2,202.9,279.0
1968.2,203.2,279.9
1969.2,203.6,280.8
1970.2,204.0,281.7
1971.2,204.4,282.7
1972.2,204.8,283.6
1973.2,205.2,284.5
1974.2,205.6,285.4
1975.2,206.1,286.3
1976.2,206.6,287.1
1977.2,207.1,288.0
1978.2,207.7,288.8
1979.2,208.2,289.7
1980.2,208.7,290.5
1981.2,209.2,291.4
1982.2,209.8,292.2
1983.2,210.5,293.0
1984.2,211.1,293.7
1985.2,211.8,294.5
1986.2,212.4,295.2
1987.2,213.1,296.0
1988.2,213.7,296.8
1989.2,214.4,297.5
1990.2,215.1,298.2
1991.2,215.8,298.9
1992.2,216.6,299.5
1993.2,217.3,300.2
1994.2,218.1,300.8
1995.2,218.9,301.5
1996.2,219.6,302.1
1997.2,220.4,302.8
1998.2,221.2,303.3
1999.2,222.1,303.8
2000.2,222.9,304.4
2001.2,223.8,304.9
2002.2,224.6,305.4
2003.2,225.5,305.9
2004.2,226.3,306.5
2005.2,227.2,307.0
2006.2,228.1,307.4
2007.2,229.0,307.8
2008.2,229.9,308.1
2009.2,230.9,308.5
2010.2,231.8,308.9
2011.2,232.7,309.3
2012.2,233.6,309.7
2013.2,234.6,310.1
2014.2,235.5,310.3
2015.2,236.5,310.5
2016.2,237.5,310.8
2017.2,238.5,311.0
2018.2,239.4,311.2
2019.2,240.4,311.5
2020.2,241.4,311.7
2021.2,242.3,311.9
2022.2,243.3,312.0
2023.2,244.3,312.1
2024.2,245.3,312.1
2025.2,246.3,312.2
2026.2,247.3,312.3
2027.2,248.3,312.4
2028.2,249.3,312.4
2029.2,250.3,312.5
2030.2,251.3,312.5
2031.2,252.3,312.5
2032.2,253.3,312.5
2033.2,254.3,312.5
2034.2,255.3,312.5
2035.2,256.3,312.5
2036.2,257.3,312.5
2037.2,258.3,312.5
2038.2,259.3,312.5
2039.2,260.3,312.5
2040.2,261.3,312.5
2041.2,262.3,312.5
2042.2,263.3,312.5
2043.2,264.3,312.5
2044.2,265.3,312.5
2045.2,266.3,312.5
2046.2,267.3,312.5
2047.2,268.3,312.5
2048.2,269.3,312.5
2049.2,270.3,312.5
2050.2,271.3,312.5
2051.2,272.3,312.5
2052.2,273.3,312.5
2053.2,274.3,312.5
2054.2,275.3,312.5
2055.2,276.3,312.5
2056.2,277.3,312.5
2057.2,278.3,312.5
2058.2,279.3,312.5
2059.2,280.3,312.5
2060.2,281.3,312.5
2061.2,282.3,312.5
2062.2,283.3,312.5
2063.2,284.3,312.5
2064.2,285.3,312.5
2065.2,286.3,312.5
2066.2,287.3,312.5
2067.2,288.3,312.5
2068.2,289.3,312.5
2069.2,290.3,312.5
2070.2,291.3,312.5
2071.2,292.3,312.5
2072.2,293.3,312.5
2073.2,294.3,312.5
2074.2,295.3,312.5
2075.2,296.3,312.5
2076.2,297.3,312.5
2077.2,298.3,312.5
2078.2,299.3,312.5
2079.2,300.3,312.5
2080.2,301.3,312.5
2081.2,302.3,312.5
2082.2,303.3,312.5
2083.2,304.3,312.5
2084.2,305.3,312.5
2085.2,306.3,312.5
2086.2,307.3,312.5
2087.2,308.3,312.5
2088.2,309.3,312.5
2089.2,310.3,312.5
2090.2,311.3,312.5
2091.2,312.3,312.5
2092.2,313.3,312.5
2093.2,314.3,312.5
2094.2,315.3,312.5
2095.2,316.3,312.5
2096.2,317.3,312.5
2097.2,318.3,312.5
2098.2,319.3,312.5
2099.2,320.3,312.5
2100.2,321.3,312.5
2101.2,322.3,312.5
2102.2,323.3,312.5
2103.2,324.3,312.5
2104.2,325.3,312.5
2105.2,326.3,312.5
2106.2,327.3,312.5
2107.2,328.3,312.5
2108.2,329.3,312.5
2109.2,330.3,312.5
2110.2,331.3,312.5
2111.2,332.3,312.5
2112.2,333.3,312.5
2113.2,334.3,312.5
2114.2,335.3,312.5
2115.2,336.3,312.5
2116.2,337.3,312.5
2117.2,338.3,312.5
2118.2,339.3,312.5
2119.2,340.3,312.5
2120.2,341.3,312.5
2121.2,342.3,312.5
2122.2,343.3,312.5
2123.2,344.3,312.5
2124.2,345.3,312.5
2125.2,346.3,312.5
2126.2,347.3,312.5
2127.2,348.3,312.5
2128.2,349.3,312.5
2129.2,350.3,312.5
2130.2,351.3,312.5
2131.2,352.3,312.5
2132.2,353.3,312.5
2133.2,354.3,312.5
2134.2,355.3,312.5
2135.2,356.3,312.5
2136.2,357.3,312.5
2137.2,358.3,312.5
2138.2,359.3,312.5
2139.2,360.3,312.5
2140.2,361.3,312.5
2141.2,362.3,312.5
2142.2,363.3,312.5
2143.2,364.3,312.5
2144.2,365.3,312.5
2145.2,366.3,312.5
2146.2,367.3,312.5
2147.2,368.3,312.5
2148.2,369.3,312.5
2149.2,370.3,312.5
2150.2,371.3,312.5
2151.2,372.3,312.5
2152.2,373.3,312.5
2153.2,374.3,312.5
2154.2,375.3,312.5
2155.2,376.3,312.5
2156.2,377.3,312.5
2157.2,378.3,312.5
2158.2,379.3,312.5
2159.2,380.3,312.5
2160.2,381.3,312.5
2161.2,382.3,312.5
2162.2,383.3,312.5
2163.2,384.3,312.5
2164.2,385.3,312.5
2165.2,386.3,312.5
2166.2,387.3,312.5
2167.2,388.3,312.5
2168.2,389.3,312.5
2169.2,390.3,312.5
2170.2,391.3,312.5
2171.2,392.3,312.5
2172.2,393.3,312.5
2173.2,394.3,312.5
2174.2,395.3,312.5
2175.2,396.3,312.5
2176.2,397.3,312.5
2177.2,398.3,312.5
2178.2,399.3,312.5
2179.2,400.3,312.5
2180.2,401.3,312.5
2181.2,402.3,312.5
2182.2,403.3,312.5
2183.2,404.3,312.5
2184.2,405.3,312.5
2185.2,406.3,312.5
2186.2,407.3,312.5
2187.2,408.3,312.5
2188.2,409.3,312.5
2189.2,410.3,312.5
2190.2,411.3,312.5
2191.2,412.3,312.5
2192.2,413.3,312.5
2193.2,414.3,312.5
2194.2,415.3,312.5
2195.2,416.3,312.5
2196.2,417.3,312.5
2197.2,418.3,312.5
2198.2,419.3,312.5
2199.2,420.3,312.5
2200.2,421.3,312.5
2201.2,422.3,312.5
2202.2,423.3,312.5
2203.2,424.3,312.5
2204.2,425.3,312.5
2205.2,426.3,312.5
2206.2,427.3,312.5
2207.2,428.3,312.5
2208.2,429.3,312.5
2209.2,430.3,312.5
2210.2,431.3,312.5
2211.2,432.3,312.5
2212.2,433.3,312.5
2213.2,434.3,312.5
2214.2,435.3,312.5
2215.2,436.3,312.5
2216.2,437.3,312.5
2217.2,438.3,312.5
2218.2,439.3,312.5
2219.2,440.3,312.5
2220.2,441.3,312.5
2221.2,442.3,312.5
2222.2,443.3,312.5
2223.2,444.3,312.5
2224.2,445.3,312.5
2225.2,446.3,312.5
2226.2,447.3,312.5
2227.2,448.3,312.5
2228.2,449.3,312.5
2229.2,450.3,312.5
2230.2,451.3,312.5
2231.2,452.3,312.5
2232.2,453.3,312.5
2233.2,454.3,312.5
2234.2,455.3,312.5
2235.2,456.3,312.5
2236.2,457.3,312.5
2237.2,458.3,312.5
2238.2,459.3,312.5
2239.2,460.3,312.5
2240.2,461.3,312.5
2241.2,462.3,312.5
2242.2,463.3,312.5
2243.2,464.3,312.5
2244.2,465.3,312.5
2245.2,466.3,312.5
2246.2,467.3,312.5
2247.2,468.3,312.5
2248.2,469.3,312.5
2249.2,470.3,312.5
2250.2,471.3,312.5
2251.2,472.3,312.5
2252.2,473.3,312.5
2253.2,474.3,312.5
2254.2,475.3,312.5
2255.2,476.3,312.5
2256.2,477.3,312.5
2257.2,478.3,312.5
2258.2,479.3,312.5
2259.2,480.3,312.5
2260.2,481.3,312.5
2261.2,482.3,312.5
2262.2,483.3,312.5
2263.2,484.3,312.5
2264.2,485.3,312.5
2265.2,486.3,312.5
2266.2,487.3,312.5
2267.2,488.3,312.5
2268.2,489.3,312.5
2269.2,490.3,312.5
2270.2,491.3,312.5
2271.2,492.3,312.5
2272.2,493.3,312.5
2273.2,494.3,312.5
2274.2,495.3,312.5
2275.2,496.3,312.5
2276.2,497.3,312.5
2277.2,498.3,312.5
2278.2,499.3,312.5
2279.2,500.3,312.5
2280.2,501.3,312.5
2281.2,502.3,312.5
2282.2,503.3,312.5
2283.2,504.3,312.5
2284.2,505.3,312.5
2285.2,506.3,312.5
2286.2,507.3,312.5
2287.2,508.3,312.5
2288.2,509.3,312.5
2289.2,510.3,312.5
2290.2,511.3,312.5
2291.2,512.3,312.5
2292.2,513.3,312.5
2293.2,514.3,312.5
2294.2,515.3,312.5
2295.2,516.3,312.5
2296.2,517.3,312.5
2297.2,518.3,312.5
2298.2,519.3,312.5
2299.2,520.3,312.5
2300.2,521.3,312.5
2301.2,522.3,312.5
2302.2,523.3,312.5
2303.2,524.3,312.5
2304.2,525.3,312.5
2305.2,526.3,312.5
2306.2,527.3,312.5
2307.2,528.3,312.5
2308.2,529.3,312.5
2309.2,530.3,312.5
2310.2,531.3,312.5
2311.2,532.3,312.5
2312.2,533.3,312.5
2313.2,534.3,312.5
2314.2,535.3,312.5
2315.2,536.3,312.5
2316.2,537.3,312.5
2317.2,538.3,312.5
2318.2,539.3,312.5
2319.2,540.3,312.5
2320.2,541.3,312.5
2321.2,542.3,312.5
2322.2,543.3,312.5
2323.2,544.3,312.5
2324.2,545.3,312.5
2325.2,546.3,312.5
2326.2,547.3,312.5
2327.2,548.3,312.5
2328.2,549.3,312.5
2329.2,550.3,312.5
2330.2,551.3,312.5
2331.2,552.3,312.5
2332.2,553.3,312.5
2333.2,554.3,312.5
2334.2,555.3,312.5
2335.2,556.3,312.5
2336.2,557.3,312.5
2337.2,558.3,312.5
2338.2,559.4,312.5
2339.2,560.4,312.5
2340.2,561.4,312.5
2341.2,562.4,312.5
2342.2,563.4,312.5
2343.2,564.4,312.5
2344.2,565.4,312.5
2345.2,566.4,312.5
2346.2,567.4,312.5
2347.2,568.4,312.5
2348.2,569.4,312.5
2349.2,570.4,312.5
2350.2,571.4,312.5
2351.2,572.4,312.5
2352.2,573.4,312.5
2353.2,574.4,312.5
2354.2,575.4,312.5
2355.2,576.4,312.5
2356.2,577.4,312.5
2357.2,578.4,312.5
2358.2,579.4,312.5
2359.2,580.4,312.5
2360.2,581.4,312.5
2361.2,582.4,312.5
2362.2,583.4,312.5
2363.2,584.4,312.5
2364.2,585.4,312.5
2365.2,586.4,312.5
2366.2,587.4,312.5
2367.2,588.4,312.5
2368.2,589.4,312.5
2369.2,590.4,312.5
2370.2,591.4,312.5
2371.2,592.4,312.5
2372.2,593.4,312.5
2373.2,594.4,312.5
2374.2,595.4,312.5
2375.2,596.4,312.5
2376.2,597.4,312.5
2377.2,598.4,312.5
2378.2,599.4,312.5
2379.2,600.4,312.5
2380.2,601.4,312.5
2381.2,602.4,312.5
2382.2,603.4,312.5
2383.2,604.4,312.5
2384.2,605.4,312.5
2385.2,606.4,312.5
2386.2,607.4,312.5
2387.2,608.4,312.5
2388.2,609.4,312.5
2389.2,610.4,312.5
2390.2,611.4,312.5
2391.2,612.4,312.5
2392.2,613.4,312.5
2393.2,614.4,312.5
2394.2,615.4,312.5
2395.2,616.4,312.5
2396.2,617.4,312.5
2397.2,618.4,312.5
2398.2,619.4,312.5
2399.2,620.4,312.5
2400.2,621.4,312.5
2401.2,622.4,312.5
2402.2,623.4,312.5
2403.2,624.4,312.5
2404.2,625.4,312.5
2405.2,626.4,312.5
2406.2,627.4,312.5
2407.2,628.4,312.5
2408.2,629.4,312.5
2409.2,630.4,312.5
2410.2,631.4,312.5
2411.2,632.4,312.5
2412.2,633.4,312.5
2413.2,634.4,312.5
2414.2,635.4,312.5
2415.2,636.4,312.5
2416.2,637.4,312.5
2417.2,638.4,312.5
2418.2,639.4,312.5
2419.2,640.4,312.5
2420.2,641.4,312.5
2421.2,642.4,312.5
2422.2,643.4,312.5
2423.2,644.4,312.5
2424.2,645.4,312.5
2425.2,646.4,312.5
2426.2,647.4,312.5
2427.2,648.4,312.5
2428.2,649.4,312.5
2429.2,650.4,312.5
2430.2,651.4,312.5
2431.2,652.4,312.5
2432.2,653.4,312.5
2433.2,654.4,312.5
2434.2,655.4,312.5
2435.2,656.4,312.5
2436.2,657.4,312.5
2437.2,658.4,312.5
2438.2,659.4,312.5
2439.2,660.4,312.5
2440.2,661.4,312.5
2441.2,662.4,312.5
2442.2,663.4,312.5
2443.2,664.4,312.5
2444.2,665.4,312.5
2445.2,666.4,312.5
2446.2,667.4,312.5
2447.2,668.4,312.5
2448.2,669.4,312.5
2449.2,670.4,312.5
2450.2,671.4,312.5
2451.2,672.4,312.5
2452.2,673.4,312.5
2453.2,674.4,312.5
2454.2,675.4,312.5
2455.2,676.4,312.5
2456.2,677.4,312.5
2457.2,678.4,312.5
2458.2,679.4,312.5
2459.2,680.4,312.5
2460.2,681.4,312.5
2461.2,682.4,312.5
2462.2,683.4,312.5
2463.2,684.4,312.5
2464.2,685.4,312.5
2465.2,686.4,312.5
2466.2,687.4,312.5
2467.2,688.4,312.5
2468.2,689.4,312.5
2469.2,690.4,312.5
2470.2,691.4,312.5
2471.2,692.4,312.5
2472.2,693.4,312.5
2473.2,694.4,312.5
2474.2,695.4,312.5
2475.2,696.4,312.5
2476.2,697.4,312.5
2477.2,698.4,312.5
2478.2,699.4,312.5
2479.2,700.4,312.5
2480.2,701.4,312.5
2481.2,702.4,312.5
2482.2,703.4,312.5
2483.2,704.4,312.5
2484.2,705.4,312.5
2485.2,706.4,312.5
2486.2,707.4,312.5
2487.2,708.4,312.5
2488.2,709.4,312.5
2489.2,710.4,312.5
2490.2,711.4,312.5
2491.2,712.4,312.5
2492.2,713.4,312.5
2493.2,714.4,312.5
2494.2,715.4,312.5
2495.2,716.4,312.5
2496.2,717.4,312.5
2497.2,718.4,312.5
2498.2,719.4,312.5
2499.2,720.4,312.5
2500.2,721.4,312.5
2501.2,722.4,312.5
2502.2,723.4,312.5
2503.2,724.4,312.5
2504.2,725.4,312.5
2505.2,726.4,312.5
2506.2,727.4,312.5
2507.2,728.4,312.5
2508.2,729.4,312.5
2509.2,730.4,312.5
2510.2,731.4,312.5
2511.2,732.4,312.5
2512.2,733.4,312.5
2513.2,734.4,312.5
2514.2,735.4,312.5
2515.2,736.4,312.5
2516.2,737.4,312.5
2517.2,738.4,312.5
2518.2,739.4,312.5
2519.2,740.4,312.5
2520.2,741.4,312.5
2521.2,742.4,312.5
2522.2,743.4,312.5
2523.2,744.4,312.5
2524.2,745.4,312.5
2525.2,746.4,312.5
2526.2,747.4,312.5
2527.2,748.4,312.5
2528.2,749.4,312.5
2529.2,750.4,312.5
2530.2,751.4,312.5
2531.2,752.4,312.5
2532.2,753.4,312.5
2533.2,754.4,312.5
2534.2,755.4,312.5
2535.2,756.4,312.5
2536.2,757.4,312.5
2537.2,758.4,312.5
2538.2,759.4,312.5
2539.2,760.4,312.5
2540.2,761.4,312.5
2541.2,762.4,312.5
2542.2,763.4,312.5
2543.2,764.4,312.5
2544.2,765.4,312.5
2545.2,766.4,312.5
2546.2,767.4,312.5
2547.2,768.4,312.5
2548.2,769.4,312.5
2549.2,770.4,312.5
2550.2,771.4,312.5
2551.2,772.4,312.5
2552.2,773.4,312.5
2553.2,774.4,312.5
2554.2,775.4,312.5
2555.2,776.4,312.5
2556.2,777.4,312.5
2557.2,778.4,312.5
2558.2,779.4,312.5
2559.2,780.4,312.5
2560.2,781.4,312.5
2561.2,782.4,312.5
2562.2,783.4,312.5
2563.2,784.4,312.5
2564.2,785.4,312.5
2565.2,786.4,312.5
2566.2,787.4,312.5
2567.2,788.4,312.5
2568.2,789.4,312.5
2569.2,790.4,312.5
2570.2,791.4,312.5
2571.2,792.4,312.5
2572.2,793.4,312.5
2573.2,794.4,312.5
2574.2,795.4,312.5
2575.2,796.4,312.5
2576.2,797.4,312.5
2577.2,798.4,312.5
2578.2,799.4,312.5
2579.2,800.4,312.5
2580.2,801.4,312.5
2581.2,802.4,312.5
2582.2,803.4,312.5
2583.2,804.4,312.5
2584.2,805.4,312.5
2585.2,806.4,312.5
2586.2,807.4,312.5
2587.2,808.4,312.5
2588.2,809.4,312.5
2589.2,810.4,312.5
2590.2,811.4,312.5
2591.2,812.4,312.5
2592.2,813.4,312.5
2593.2,814.4,312.5
2594.2,815.4,312.5
2595.2,816.4,312.5
2596.2,817.4,312.5
2597.2,818.4,312.5
2598.2,819.4,312.5
2599.2,820.4,312.5
2600.2,821.4,312.5
2601.2,822.4,312.5
2602.2,823.4,312.5
2603.2,824.4,312.5
2604.2,825.4,312.5
2605.2,826.4,312.5
2606.2,827.4,312.5
2607.2,828.4,312.5
2608.2,829.4,312.5
2609.2,830.4,312.5
2610.2,831.4,312.5
2611.2,832.4,312.5
2612.2,833.4,312.5
2613.2,834.4,312.5
2614.2,835.4,312.5
2615.2,836.4,312.5
2616.2,837.4,312.5
2617.2,838.4,312.5
2618.2,839.4,312.5
2619.2,840.4,312.5
2620.2,841.4,312.5
2621.2,842.4,312.5
2622.2,843.4,312.5
2623.2,844.4,312.5
2624.2,845.4,312.5
2625.2,846.4,312.5
2626.2,847.4,312.5
2627.2,848.4,312.5
2628.2,849.4,312.5
2629.2,850.4,312.5
2630.2,851.4,312.5
2631.2,852.4,312.5
2632.2,853.4,312.5
2633.2,854.4,312.5
2634.2,855.4,312.5
2635.2,856.4,312.5
2636.2,857.4,312.5
2637.2,858.4,312.5
2638.2,859.4,312.5
2639.2,860.4,312.5
2640.2,861.4,312.5
2641.2,862.4,312.5
2642.2,863.4,312.5
2643.2,864.4,312.5
2644.2,865.4,312.5
2645.2,866.4,312.5
2646.2,867.4,312.5
2647.2,868.4,312.5
2648.2,869.4,312.5
2649.2,870.4,312.5
2650.2,871.4,312.5
2651.2,872.4,312.5
2652.2,873.4,312.5
2653.2,874.4,312.5
2654.2,875.4,312.5
2655.2,876.4,312.5
2656.2,877.4,312.5
2657.2,878.4,312.5
2658.2,879.4,312.5
2659.2,880.4,312.5
2660.2,881.4,312.5
2661.2,882.4,312.5
2662.2,883.4,312.5
2663.2,884.4,312.5
2664.2,885.4,312.5
2665.2,886.4,312.5
2666.2,887.4,312.5
2667.2,888.4,312.5
2668.2,889.4,312.5
2669.2,890.4,312.5
2670.2,891.4,312.5
2671.2,892.4,312.5
2672.2,893.4,312.5
2673.2,894.4,312.5
2674.2,895.4,312.5
2675.2,896.4,312.5
2676.2,897.4,312.5
2677.2,898.4,312.5
2678.2,899.4,312.5
2679.2,900.4,312.5
2680.2,901.4,312.5
2681.2,902.4,312.5
2682.2,903.4,312.5
2683.2,904.4,312.5
2684.2,905.4,312.5
2685.2,906.4,312.5
2686.2,907.4,312.5
2687.2,908.4,312.5
2688.2,909.4,312.5
2689.2,910.4,312.5
2690.2,911.4,312.5
2691.2,912.4,312.5
2692.2,913.4,312.5
2693.2,914.4,312.5
2694.2,915.4,312.5
2695.2,916.4,312.5
2696.2,917.4,312.5
2697.2,918.4,312.5
2698.2,919.4,312.5
2699.2,920.4,312.5
2700.2,921.4,312.5
2701.2,922.4,312.5
2702.2,923.4,312.5
2703.2,924.4,312.5
2704.2,925.4,312.5
2705.2,926.4,312.5
2706.2,927.4,312.5
2707.2,928.4,312.5
2708.2,929.4,312.5
2709.2,930.4,312.5
2710.2,931.4,312.5
2711.2,932.4,312.5
2712.2,933.4,312.5
2713.2,934.4,312.5
2714.2,935.4,312.5
2715.2,936.4,312.5
2716.2,937.4,312.5
2717.2,938.4,312.5
2718.2,939.4,312.5
2719.2,940.4,312.5
2720.2,941.4,312.5
2721.2,942.4,312.5
2722.2,943.4,312.5
2723.2,944.4,312.5
2724.2,945.4,312.5
2725.2,946.4,312.5
2726.2,947.4,312.5
2727.2,948.4,312.5
2728.2,949.4,312.5
2729.2,950.4,312.5
2730.2,951.4,312.5
2731.2,952.4,312.5
2732.2,953.4,312.5
2733.2,954.4,312.5
2734.2,955.4,312.5
2735.2,956.4,312.5
2736.2,957.4,312.5
2737.2,958.4,312.5
2738.2,959.4,312.5
2739.2,960.4,312.5
2740.2,961.4,312.5
2741.2,962.4,312.5
2742.2,963.4,312.5
2743.2,964.4,312.5
2744.2,965.4,312.5
2745.2,966.4,312.5
2746.2,967.4,312.5
2747.2,968.4,312.5
2748.2,969.4,312.5
2749.2,970.4,312.5
2750.2,971.4,312.5
2751.2,972.4,312.5
2752.2,973.4,312.5
2753.2,974.4,312.5
2754.2,975.4,312.5
2755.2,976.4,312.5
2756.2,977.4,312.5
2757.2,978.4,312.5
2758.2,979.4,312.5
2759.2,980.4,312.5
2760.2,981.4,312.5
2761.2,982.4,312.5
2762.2,983.4,312.5
2763.2,984.4,312.5
2764.2,985.4,312.5
2765.2,986.4,312.5
2766.2,987.4,312.5
2767.2,988.4,312.5
2768.2,989.4,312.5
2769.2,990.4,312.5
2770.2,991.4,312.5
2771.2,992.4,312.5
2772.2,993.4,312.5
2773.2,994.4,312.5
2774.2,995.4,312.5
2775.2,996.4,312.5
2776.2,997.4,312.5
2777.2,998.4,312.5
2778.2,999.4,312.5
2779.2,1000.4,312.5
2780.2,1001.4,312.5
2781.2,1002.4,312.5
2782.2,1003.4,312.5
2783.2,1004.4,312.5
2784.2,1005.4,312.5
2785.2,1006.4,312.5
2786.2,1007.4,312.5
2787.2,1008.4,312.5
2788.2,1009.4,312.5
2789.2,1010.4,312.5
2790.2,1011.4,312.5
2791.2,1012.4,312.5
2792.2,1013.4,312.5
2793.2,1014.4,312.5
2794.2,1015.4,312.5
2795.2,1016.4,312.5
2796.2,1017.4,312.5
2797.2,1018.4,312.5
2798.2,1019.4,312.5
2799.2,1020.4,312.5
2800.2,1021.4,312.5
2801.2,1022.4,312.5
2802.2,1023.4,312.5
2803.2,1024.4,312.5
2804.2,1025.4,312.5
2805.2,1026.4,312.5
2806.2,1027.4,312.5
2807.2,1028.4,312.5
2808.2,1029.4,312.5
2809.2,1030.4,312.5
2810.2,1031.4,312.5
2811.2,1032.4,312.5
2812.2,1033.4,312.5
2813.2,1034.4,312.5
2814.2,1035.4,312.5
2815.2,1036.4,312.5
2816.2,1037.4,312.5
2817.2,1038.4,312.5
2818.2,1039.4,312.5
2819.2,1040.4,312.5
2820.2,1041.4,312.5
2821.2,1042.4,312.5
2822.2,1043.4,312.5
2823.2,1044.4,312.5
2824.2,1045.4,312.5
2825.2,1046.4,312.5
2826.2,1047.4,312.5
2827.2,1048.4,312.5
2828.2,1049.4,312.5
2829.2,1050.4,312.5
2830.2,1051.4,312.5
2831.2,1052.4,312.5
2832.2,1053.4,312.5
2833.2,1054.4,312.5
2834.2,1055.4,312.5
2835.2,1056.4,312.5
2836.2,1057.4,312.5
2837.2,1058.4,312.6
2838.2,1059.4,312.6
2839.2,1060.4,312.7
2840.2,1061.4,312.8
2841.2,1062.4,312.9
2842.2,1063.4,313.0
2843.2,1064.4,313.0
2844.2,1065.4,313.1
2845.2,1066.3,313.4
2846.2,1067.3,313.6
2847.2,1068.3,313.8
2848.2,1069.3,314.1
2849.2,1070.2,314.3
2850.2,1071.2,314.5
2851.2,1072.2,314.8
2852.2,1073.1,315.0
2853.2,1074.1,315.4
2854.2,1075.0,315.8
2855.2,1075.9,316.2
2856.2,1076.8,316.6
2857.2,1077.8,316.9
2858.2,1078.7,317.3
2859.2,1079.6,317.7
2860.2,1080.5,318.1
2861.2,1081.4,318.7
2862.2,1082.2,319.2
2863.2,1083.1,319.7
2864.2,1083.9,320.2
2865.2,1084.8,320.7
2866.2,1085.6,321.3
2867.2,1086.5,321.8
2868.2,1087.3,322.4
2869.2,1088.0,323.0
2870.2,1088.8,323.7
2871.2,1089.6,324.3
2872.2,1090.3,325.0
2873.2,1091.1,325.6
2874.2,1091.8,326.3
2875.2,1092.6,326.9
2876.2,1093.3,327.6
2877.2,1093.9,328.4
2878.2,1094.6,329.2
2879.2,1095.2,329.9
2880.2,1095.9,330.7
2881.2,1096.5,331.5
2882.2,1097.2,332.2
2883.2,1097.8,333.0
2884.2,1098.4,333.8
2885.2,1098.9,334.7
2886.2,1099.4,335.5
2887.2,1099.9,336.4
2888.2,1100.5,337.2
2889.2,1101.0,338.1
2890.2,1101.5,338.9
2891.2,1102.0,339.8
2892.2,1102.4,340.7
2893.2,1102.8,341.6
2894.2,1103.2,342.5
2895.2,1103.6,343.5
2896.2,1104.0,344.4
2897.2,1104.3,345.3
2898.2,1104.7,346.2
2899.2,1105.1,347.2
2900.2,1105.3,348.1
2901.2,1105.5,349.1
2902.2,1105.8,350.1
2903.2,1106.0,351.1
2904.2,1106.2,352.0
2905.2,1106.5,353.0
2906.2,1106.7,354.0
2907.2,1106.9,355.0
2908.2,1107.0,356.0
2909.2,1107.1,357.0
2910.2,1107.1,358.0
2911.2,1107.2,358.9
2912.2,1107.3,359.9
2913.2,1107.4,360.9
2914.2,1107.5,361.9
2915.2,1107.5,362.9
2916.2,1107.4,363.9
2917.2,1107.3,364.9
2918.2,1107.2,365.9
2919.2,1107.2,366.9
2920.2,1107.1,367.9
2921.2,1107.0,368.9
2922.2,1106.9,369.9
2923.2,1106.7,370.9
2924.2,1106.5,371.9
2925.2,1106.3,372.8
2926.2,1106.0,373.8
2927.2,1105.8,374.8
2928.2,1105.6,375.8
2929.2,1105.3,376.7
2930.2,1105.1,377.7
2931.2,1104.8,378.6
2932.2,1104.4,379.6
2933.2,1104.0,380.5
2934.2,1103.6,381.4
2935.2,1103.2,382.3
2936.2,1102.9,383.3
2937.2,1102.5,384.2
2938.2,1102.1,385.1
2939.2,1101.6,386.0
2940.2,1101.1,386.8
2941.2,1100.5,387.7
2942.2,1100.0,388.5
2943.2,1099.5,389.4
2944.2,1099.0,390.2
2945.2,1098.4,391.1
2946.2,1097.9,391.9
2947.2,1097.3,392.7
2948.2,1096.6,393.5
2949.2,1096.0,394.2
2950.2,1095.3,395.0
2951.2,1094.7,395.7
2952.2,1094.0,396.5
2953.2,1093.4,397.3
2954.2,1092.7,398.0
2955.2,1091.9,398.6
2956.2,1091.2,399.3
2957.2,1090.4,399.9
2958.2,1089.7,400.6
2959.2,1088.9,401.2
2960.2,1088.1,401.9
2961.2,1087.4,402.5
2962.2,1086.6,403.1
2963.2,1085.7,403.7
2964.2,1084.9,404.2
2965.2,1084.0,404.7
2966.2,1083.2,405.2
2967.2,1082.3,405.8
2968.2,1081.5,406.3
2969.2,1080.6,406.8
2970.2,1079.7,407.2
2971.2,1078.8,407.6
2972.2,1077.9,408.0
2973.2,1076.9,408.4
2974.2,1076.0,408.8
2975.2,1075.1,409.2
2976.2,1074.2,409.5
2977.2,1073.3,409.9
2978.2,1072.3,410.2
2979.2,1071.3,410.4
2980.2,1070.3,410.7
2981.2,1069.4,410.9
2982.2,1068.4,411.1
2983.2,1067.4,411.4
2984.2,1066.5,411.6
2985.2,1065.5,411.8
2986.2,1064.5,411.9
2987.2,1063.5,412.0
2988.2,1062.5,412.1
2989.2,1061.5,412.2
2990.2,1060.5,412.3
2991.2,1059.5,412.3
2992.2,1058.5,412.4
2993.2,1057.5,412.5
2994.2,1056.5,412.5
2995.2,1055.5,412.5
2996.2,1054.5,412.5
2997.2,1053.5,412.5
2998.2,1052.5,412.5
2999.2,1051.5,412.5
3000.2,1050.5,412.5
3001.2,1049.5,412.5
3002.2,1048.5,412.5
3003.2,1047.5,412.5
3004.2,1046.5,412.5
3005.2,1045.5,412.5
3006.2,1044.5,412.5
3007.2,1043.5,412.5
3008.2,1042.5,412.5
3009.2,1041.5,412.5
3010.2,1040.5,412.5
3011.2,1039.5,412.5
3012.2,1038.5,412.5
3013.2,1037.5,412.5
3014.2,1036.5,412.5
3015.2,1035.5,412.5
3016.2,1034.5,412.5
3017.2,1033.5,412.5
3018.2,1032.5,412.5
3019.2,1031.5,412.5
3020.2,1030.5,412.5
3021.2,1029.5,412.5
3022.2,1028.5,412.5
3023.2,1027.5,412.5
3024.2,1026.5,412.5
3025.2,1025.5,412.5
3026.2,1024.5,412.5
3027.2,1023.5,412.5
3028.2,1022.5,412.5
3029.2,1021.5,412.5
3030.2,1020.5,412.5
3031.2,1019.5,412.5
3032.2,1018.5,412.5
3033.2,1017.5,412.5
3034.2,1016.5,412.5
3035.2,1015.5,412.5
3036.2,1014.5,412.5
3037.2,1013.5,412.5
3038.2,1012.5,412.5
3039.2,1011.5,412.5
3040.2,1010.5,412.5
3041.2,1009.5,412.5
3042.2,1008.5,412.5
3043.2,1007.5,412.5
3044.2,1006.5,412.5
3045.2,1005.5,412.5
3046.2,1004.5,412.5
3047.2,1003.5,412.5
3048.2,1002.5,412.5
3049.2,1001.5,412.5
3050.2,1000.5,412.5
3051.2,999.5,412.5
3052.2,998.5,412.5
3053.2,997.5,412.5
3054.2,996.5,412.5
3055.2,995.5,412.5
3056.2,994.5,412.5
3057.2,993.5,412.5
3058.2,992.5,412.5
3059.2,991.5,412.5
3060.2,990.5,412.5
3061.2,989.5,412.5
3062.2,988.5,412.5
3063.2,987.5,412.5
3064.2,986.5,412.5
3065.2,985.5,412.5
3066.2,984.5,412.5
3067.2,983.5,412.5
3068.2,982.5,412.5
3069.2,981.5,412.5
3070.2,980.5,412.5
3071.2,979.5,412.5
3072.2,978.5,412.5
3073.2,977.5,412.5
3074.2,976.5,412.5
3075.2,975.5,412.5
3076.2,974.5,412.5
3077.2,973.5,412.5
3078.2,972.5,412.5
3079.2,971.5,412.5
3080.2,970.5,412.5
3081.2,969.5,412.5
3082.2,968.5,412.5
3083.2,967.5,412.5
3084.2,966.5,412.5
3085.2,965.5,412.5
3086.2,964.5,412.5
3087.2,963.5,412.5
3088.2,962.5,412.5
3089.2,961.5,412.5
3090.2,960.5,412.5
3091.2,959.5,412.5
3092.2,958.5,412.5
3093.2,957.5,412.5
3094.2,956.5,412.5
3095.2,955.5,412.5
3096.2,954.5,412.5
3097.2,953.5,412.5
3098.2,952.5,412.5
3099.2,951.5,412.5
3100.2,950.5,412.5
3101.2,949.5,412.5
3102.2,948.5,412.5
3103.2,947.5,412.5
3104.2,946.5,412.5
3105.2,945.5,412.5
3106.2,944.5,412.5
3107.2,943.5,412.5
3108.2,942.5,412.5
3109.2,941.5,412.5
3110.2,940.5,412.5
3111.2,939.5,412.5
3112.2,938.5,412.5
3113.2,937.5,412.5
3114.2,936.5,412.5
3115.2,935.5,412.5
3116.2,934.5,412.5
3117.2,933.5,412.5
3118.2,932.5,412.5
3119.2,931.5,412.5
3120.2,930.5,412.5
3121.2,929.5,412.5
3122.2,928.5,412.5
3123.2,927.5,412.5
3124.2,926.5,412.5
3125.2,925.5,412.5
3126.2,924.5,412.5
3127.2,923.5,412.5
3128.2,922.5,412.5
3129.2,921.5,412.5
3130.2,920.5,412.5
3131.2,919.5,412.5
3132.2,918.5,412.5
3133.2,917.5,412.5
3134.2,916.5,412.5
3135.2,915.5,412.5
3136.3,914.5,412.5
3137.3,913.5,412.5
3138.3,912.5,412.5
3139.3,911.5,412.5
3140.3,910.5,412.5
3141.3,909.5,412.5
3142.3,908.5,412.5
3143.3,907.5,412.5
3144.3,906.5,412.5
3145.3,905.5,412.5
3146.3,904.5,412.5
3147.3,903.5,412.5
3148.3,902.5,412.5
3149.3,901.5,412.5
3150.3,900.5,412.5
3151.3,899.5,412.5
3152.3,898.5,412.5
3153.3,897.5,412.5
3154.3,896.5,412.5
3155.3,895.5,412.5
3156.3,894.5,412.5
3157.3,893.5,412.5
3158.3,892.5,412.5
3159.3,891.5,412.5
3160.3,890.5,412.5
3161.3,889.5,412.5
3162.3,888.5,412.5
3163.3,887.5,412.5
3164.3,886.5,412.5
3165.3,885.5,412.5
3166.3,884.5,412.5
3167.3,883.5,412.5
3168.3,882.5,412.5
3169.3,881.5,412.5
3170.3,880.5,412.5
3171.3,879.5,412.5
3172.3,878.5,412.5
3173.3,877.5,412.5
3174.3,876.5,412.5
3175.3,875.5,412.5
3176.3,874.5,412.5
3177.3,873.5,412.5
3178.3,872.5,412.5
3179.3,871.5,412.5
3180.3,870.5,412.5
3181.3,869.5,412.5
3182.3,868.5,412.5
3183.3,867.5,412.5
3184.3,866.5,412.5
3185.3,865.5,412.5
3186.3,864.5,412.5
3187.3,863.5,412.5
3188.3,862.5,412.5
3189.3,861.5,412.5
3190.3,860.5,412.5
3191.3,859.5,412.5
3192.3,858.5,412.5
3193.3,857.5,412.5
3194.3,856.5,412.5
3195.3,855.5,412.5
3196.3,854.5,412.5
3197.3,853.5,412.5
3198.3,852.5,412.5
3199.3,851.5,412.5
3200.3,850.5,412.5
3201.3,849.5,412.5
3202.3,848.5,412.5
3203.3,847.5,412.5
3204.3,846.5,412.5
3205.3,845.5,412.5
3206.3,844.5,412.5
3207.3,843.5,412.5
3208.3,842.5,412.5
3209.3,841.5,412.5
3210.3,840.5,412.5
3211.3,839.5,412.5
3212.3,838.5,412.5
3213.3,837.5,412.5
3214.3,836.5,412.5
3215.3,835.5,412.5
3216.3,834.5,412.5
3217.3,833.5,412.5
3218.3,832.5,412.5
3219.3,831.5,412.5
3220.3,830.5,412.5
3221.3,829.5,412.5
3222.3,828.5,412.5
3223.3,827.5,412.5
3224.3,826.5,412.5
3225.3,825.5,412.5
3226.3,824.5,412.5
3227.3,823.5,412.5
3228.3,822.5,412.5
3229.3,821.5,412.5
3230.3,820.5,412.5
3231.3,819.5,412.5
3232.3,818.5,412.5
3233.3,817.5,412.5
3234.3,816.5,412.5
3235.3,815.5,412.5
3236.3,814.5,412.5
3237.3,813.5,412.5
3238.3,812.5,412.5
3239.3,811.5,412.5
3240.3,810.5,412.5
3241.3,809.5,412.5
3242.3,808.5,412.5
3243.3,807.5,412.5
3244.3,806.5,412.5
3245.3,805.5,412.5
3246.3,804.5,412.5
3247.3,803.5,412.5
3248.3,802.5,412.5
3249.3,801.5,412.5
3250.3,800.5,412.5
3251.3,799.5,412.5
3252.3,798.5,412.5
3253.3,797.5,412.5
3254.3,796.5,412.5
3255.3,795.5,412.5
3256.3,794.5,412.5
3257.3,793.5,412.5
3258.3,792.5,412.5
3259.3,791.5,412.5
3260.3,790.5,412.5
3261.3,789.5,412.5
3262.3,788.5,412.5
3263.3,787.5,412.5
3264.3,786.5,412.5
3265.3,785.5,412.5
3266.3,784.5,412.5
3267.3,783.5,412.5
3268.3,782.5,412.5
3269.3,781.5,412.5
3270.3,780.5,412.5
3271.3,779.5,412.5
3272.3,778.5,412.5
3273.3,777.5,412.5
3274.3,776.5,412.5
3275.3,775.5,412.5
3276.3,774.5,412.5
3277.3,773.5,412.5
3278.3,772.5,412.5
3279.3,771.5,412.5
3280.3,770.5,412.5
3281.3,769.5,412.5
3282.3,768.5,412.5
3283.3,767.5,412.5
3284.3,766.5,412.5
3285.3,765.5,412.5
3286.3,764.5,412.5
3287.3,763.5,412.5
3288.3,762.5,412.5
3289.3,761.5,412.5
3290.3,760.5,412.5
3291.3,759.5,412.5
3292.3,758.5,412.5
3293.3,757.5,412.5
3294.3,756.5,412.5
3295.3,755.5,412.5
3296.3,754.5,412.5
3297.3,753.5,412.5
3298.3,752.5,412.5
3299.3,751.5,412.5
3300.3,750.5,412.5
3301.3,749.5,412.5
3302.3,748.5,412.5
3303.3,747.5,412.5
3304.3,746.5,412.5
3305.3,745.5,412.5
3306.3,744.5,412.5
3307.3,743.5,412.5
3308.3,742.5,412.5
3309.3,741.5,412.5
3310.3,740.5,412.5
3311.3,739.5,412.5
3312.3,738.5,412.5
3313.3,737.5,412.5
3314.3,736.5,412.5
3315.3,735.5,412.5
3316.3,734.5,412.5
3317.3,733.5,412.5
3318.3,732.5,412.5
3319.3,731.5,412.5
3320.3,730.5,412.5
3321.3,729.5,412.5
3322.3,728.5,412.5
3323.3,727.5,412.5
3324.3,726.5,412.5
3325.3,725.5,412.5
3326.3,724.5,412.5
3327.3,723.5,412.5
3328.3,722.5,412.5
3329.3,721.5,412.5
3330.3,720.5,412.5
3331.3,719.5,412.5
3332.3,718.5,412.5
3333.3,717.5,412.5
3334.3,716.5,412.5
3335.3,715.5,412.5
3336.3,714.5,412.5
3337.3,713.5,412.5
3338.3,712.5,412.5
3339.3,711.5,412.5
3340.3,710.5,412.5
3341.3,709.5,412.5
3342.3,708.5,412.5
3343.3,707.5,412.5
3344.3,706.5,412.5
3345.3,705.5,412.5
3346.3,704.5,412.5
3347.3,703.5,412.5
3348.3,702.5,412.5
3349.3,701.5,412.5
3350.3,700.5,412.5
3351.3,699.5,412.5
3352.3,698.5,412.5
3353.3,697.5,412.5
3354.3,696.5,412.5
3355.3,695.5,412.5
3356.3,694.5,412.5
3357.3,693.5,412.5
3358.3,692.5,412.5
3359.3,691.5,412.5
3360.3,690.5,412.5
3361.3,689.5,412.5
3362.3,688.5,412.5
3363.3,687.5,412.5
3364.3,686.5,412.5
3365.3,685.5,412.5
3366.3,684.5,412.5
3367.3,683.5,412.5
3368.3,682.5,412.5
3369.3,681.5,412.5
3370.3,680.5,412.5
3371.3,679.5,412.5
3372.3,678.5,412.5
3373.3,677.5,412.5
3374.3,676.5,412.5
3375.3,675.5,412.5
3376.3,674.5,412.5
3377.3,673.5,412.5
3378.3,672.5,412.5
3379.3,671.5,412.5
3380.3,670.5,412.5
3381.3,669.5,412.5
3382.3,668.5,412.5
3383.3,667.5,412.5
3384.3,666.5,412.5
3385.3,665.5,412.5
3386.3,664.5,412.5
3387.3,663.5,412.5
3388.3,662.5,412.5
3389.3,661.5,412.5
3390.3,660.5,412.5
3391.3,659.5,412.5
3392.3,658.5,412.5
3393.3,657.5,412.5
3394.3,656.5,412.5
3395.3,655.5,412.5
3396.3,654.5,412.5
3397.3,653.5,412.5
3398.3,652.5,412.5
3399.3,651.5,412.5
3400.3,650.5,412.5
3401.3,649.5,412.5
3402.3,648.5,412.5
3403.3,647.5,412.5
3404.3,646.5,412.5
3405.3,645.5,412.5
3406.3,644.5,412.5
3407.3,643.5,412.5
3408.3,642.5,412.5
3409.3,641.5,412.5
3410.3,640.5,412.5
3411.3,639.5,412.5
3412.3,638.5,412.5
3413.3,637.5,412.5
3414.3,636.5,412.5
3415.3,635.5,412.5
3416.3,634.5,412.5
3417.3,633.5,412.5
3418.3,632.5,412.5
3419.3,631.5,412.5
3420.3,630.5,412.5
3421.3,629.5,412.5
3422.3,628.5,412.5
3423.3,627.5,412.5
3424.3,626.5,412.5
3425.3,625.5,412.5
3426.3,624.5,412.5
3427.3,623.5,412.5
3428.3,622.5,412.5
3429.3,621.5,412.5
3430.3,620.5,412.5
3431.3,619.5,412.5
3432.3,618.5,412.5
3433.3,617.5,412.5
3434.3,616.5,412.5
3435.3,615.5,412.5
3436.3,614.5,412.5
3437.3,613.5,412.5
3438.3,612.5,412.5
3439.3,611.5,412.5
3440.3,610.5,412.5
3441.3,609.5,412.5
3442.3,608.5,412.5
3443.3,607.5,412.5
3444.3,606.5,412.5
3445.3,605.5,412.5
3446.3,604.5,412.5
3447.3,603.5,412.5
3448.3,602.5,412.5
3449.3,601.5,412.5
3450.3,600.5,412.5
3451.3,599.5,412.5
3452.3,598.5,412.5
3453.3,597.5,412.5
3454.3,596.5,412.5
3455.3,595.5,412.5
3456.3,594.5,412.5
3457.3,593.5,412.5
3458.3,592.5,412.5
3459.3,591.5,412.5
3460.3,590.5,412.5
3461.3,589.5,412.5
3462.3,588.5,412.5
3463.3,587.5,412.5
3464.3,586.5,412.5
3465.3,585.5,412.5
3466.3,584.5,412.5
3467.3,583.5,412.5
3468.3,582.5,412.5
3469.3,581.5,412.5
3470.3,580.5,412.5
3471.3,579.5,412.5
3472.3,578.5,412.5
3473.3,577.5,412.5
3474.3,576.5,412.5
3475.3,575.5,412.5
3476.3,574.5,412.5
3477.3,573.5,412.5
3478.3,572.5,412.5
3479.3,571.5,412.5
3480.3,570.5,412.5
3481.3,569.5,412.5
3482.3,568.5,412.5
3483.3,567.5,412.5
3484.3,566.5,412.5
3485.3,565.5,412.5
3486.3,564.5,412.5
3487.3,563.5,412.5
3488.3,562.5,412.5
3489.3,561.5,412.5
3490.3,560.5,412.5
3491.3,559.5,412.5
3492.3,558.5,412.5
3493.3,557.5,412.5
3494.3,556.5,412.5
3495.3,555.5,412.5
3496.3,554.5,412.5
3497.3,553.5,412.5
3498.3,552.5,412.5
3499.3,551.5,412.5
3500.3,550.5,412.5
3501.3,549.5,412.5
3502.3,548.5,412.5
3503.3,547.5,412.5
3504.3,546.5,412.5
3505.3,545.5,412.5
3506.3,544.5,412.5
3507.3,543.5,412.5
3508.3,542.5,412.5
3509.3,541.5,412.5
3510.3,540.5,412.5
3511.3,539.5,412.5
3512.3,538.5,412.5
3513.3,537.5,412.5
3514.3,536.5,412.5
3515.3,535.5,412.5
3516.3,534.5,412.5
3517.3,533.5,412.5
3518.3,532.5,412.5
3519.3,531.5,412.5
3520.3,530.5,412.5
3521.3,529.5,412.5
3522.3,528.5,412.5
3523.3,527.5,412.5
3524.3,526.5,412.5
3525.3,525.5,412.5
3526.3,524.5,412.5
3527.3,523.5,412.5
3528.3,522.5,412.5
3529.3,521.5,412.5
3530.3,520.5,412.5
3531.3,519.5,412.5
3532.3,518.5,412.5
3533.3,517.5,412.5
3534.3,516.5,412.5
3535.3,515.5,412.5
3536.3,514.5,412.5
3537.3,513.5,412.5
3538.3,512.5,412.5
3539.3,511.5,412.5
3540.3,510.5,412.5
3541.3,509.5,412.5
3542.3,508.5,412.5
3543.3,507.5,412.5
3544.3,506.5,412.5
3545.3,505.5,412.5
3546.3,504.5,412.5
3547.3,503.5,412.5
3548.3,502.5,412.5
3549.3,501.5,412.5
3550.3,500.5,412.5
3551.3,499.5,412.5
3552.3,498.5,412.5
3553.3,497.5,412.5
3554.3,496.5,412.5
3555.3,495.5,412.5
3556.3,494.5,412.5
3557.3,493.5,412.5
3558.3,492.5,412.5
3559.3,491.5,412.5
3560.3,490.5,412.5
3561.3,489.5,412.5
3562.3,488.5,412.5
3563.3,487.5,412.5
3564.3,486.5,412.5
3565.3,485.5,412.5
3566.3,484.5,412.5
3567.3,483.5,412.5
3568.3,482.5,412.5
3569.3,481.5,412.5
3570.3,480.5,412.5
3571.3,479.5,412.5
3572.3,478.5,412.5
3573.3,477.5,412.5
3574.3,476.5,412.5
3575.3,475.5,412.5
3576.3,474.5,412.5
3577.3,473.5,412.5
3578.3,472.5,412.5
3579.3,471.5,412.5
3580.3,470.5,412.5
3581.3,469.5,412.5
3582.3,468.5,412.5
3583.3,467.5,412.5
3584.3,466.5,412.5
3585.3,465.5,412.5
3586.3,464.5,412.5
3587.3,463.5,412.5
3588.3,462.5,412.5
3589.3,461.5,412.5
3590.3,460.5,412.5
3591.3,459.5,412.5
3592.3,458.5,412.5
3593.3,457.5,412.5
3594.3,456.5,412.5
3595.3,455.5,412.5
3596.3,454.5,412.5
3597.3,453.5,412.5
3598.3,452.5,412.5
3599.3,451.5,412.5
3600.3,450.5,412.5
3601.3,449.5,412.5
3602.3,448.5,412.5
3603.3,447.5,412.5
3604.3,446.5,412.5
3605.3,445.5,412.5
3606.3,444.5,412.5
3607.3,443.5,412.5
3608.3,442.5,412.5
3609.3,441.5,412.5
3610.3,440.5,412.5
3611.3,439.5,412.5
3612.3,438.5,412.5
3613.3,437.5,412.5
3614.3,436.5,412.5
3615.3,435.5,412.5
3616.3,434.5,412.5
3617.3,433.5,412.5
3618.3,432.5,412.5
3619.3,431.5,412.5
3620.3,430.5,412.5
3621.3,429.5,412.5
3622.3,428.5,412.5
3623.3,427.5,412.5
3624.3,426.5,412.5
3625.3,425.5,412.5
3626.3,424.5,412.5
3627.3,423.5,412.5
3628.3,422.5,412.5
3629.3,421.5,412.5
3630.3,420.5,412.5
3631.3,419.5,412.5
3632.3,418.5,412.5
3633.3,417.5,412.5
3634.3,416.5,412.5
3635.3,415.5,412.5
3636.3,414.5,412.5
3637.3,413.5,412.5
3638.3,412.5,412.5
3639.3,411.5,412.5
3640.3,410.5,412.5
3641.3,409.5,412.5
3642.3,408.5,412.5
3643.3,407.5,412.5
3644.3,406.5,412.5
3645.3,405.5,412.5
3646.3,404.5,412.5
3647.3,403.5,412.5
3648.3,402.5,412.5
3649.3,401.5,412.5
3650.3,400.5,412.5
3651.3,399.5,412.5
3652.3,398.5,412.5
3653.3,397.5,412.5
3654.3,396.5,412.5
3655.3,395.5,412.5
3656.3,394.5,412.5
3657.3,393.5,412.5
3658.3,392.5,412.5
3659.3,391.5,412.5
3660.3,390.5,412.5
3661.3,389.5,412.5
3662.3,388.5,412.5
3663.3,387.5,412.5
3664.3,386.5,412.5
3665.3,385.5,412.5
3666.3,384.5,412.5
3667.3,383.5,412.5
3668.3,382.5,412.5
3669.3,381.5,412.5
3670.3,380.5,412.5
3671.3,379.5,412.5
3672.3,378.5,412.5
3673.3,377.5,412.5
3674.3,376.5,412.5
3675.3,375.5,412.5
3676.3,374.5,412.5
3677.3,373.5,412.5
3678.3,372.5,412.5
3679.3,371.5,412.5
3680.3,370.5,412.5
3681.3,369.5,412.5
3682.3,368.5,412.5
3683.3,367.5,412.5
3684.3,366.5,412.5
3685.3,365.5,412.5
3686.3,364.5,412.5
3687.3,363.5,412.5
3688.3,362.5,412.5
3689.3,361.5,412.5
3690.3,360.5,412.5
3691.3,359.5,412.5
3692.3,358.5,412.5
3693.3,357.5,412.5
3694.3,356.5,412.5
3695.3,355.5,412.5
3696.3,354.5,412.5
3697.3,353.5,412.5
3698.3,352.5,412.5
3699.3,351.5,412.5
3700.3,350.5,412.5
3701.3,349.5,412.5
3702.3,348.5,412.5
3703.3,347.5,412.5
3704.3,346.5,412.5
3705.3,345.5,412.5
3706.3,344.5,412.5
3707.3,343.5,412.5
3708.3,342.5,412.5
3709.3,341.5,412.5
3710.3,340.5,412.5
3711.3,339.5,412.5
3712.3,338.5,412.5
3713.3,337.5,412.5
3714.3,336.5,412.5
3715.3,335.5,412.5
3716.3,334.5,412.5
3717.3,333.5,412.5
3718.3,332.5,412.5
3719.3,331.5,412.5
3720.3,330.5,412.5
3721.3,329.5,412.5
3722.3,328.5,412.5
3723.3,327.5,412.5
3724.3,326.5,412.5
3725.3,325.5,412.5
3726.3,324.5,412.5
3727.3,323.5,412.5
3728.3,322.5,412.5
3729.3,321.5,412.5
3730.3,320.5,412.5
3731.3,319.5,412.5
3732.3,318.5,412.5
3733.3,317.5,412.5
3734.3,316.5,412.5
3735.3,315.5,412.5
3736.3,314.5,412.5
3737.3,313.5,412.5
3738.3,312.5,412.5
3739.3,311.5,412.5
3740.3,310.5,412.5
3741.3,309.5,412.5
3742.3,308.5,412.5
3743.3,307.5,412.5
3744.3,306.5,412.5
3745.3,305.5,412.5
3746.3,304.5,412.5
3747.3,303.5,412.5
3748.3,302.5,412.5
3749.3,301.5,412.5
3750.3,300.5,412.5
3751.3,299.5,412.5
3752.3,298.5,412.5
3753.3,297.5,412.5
3754.3,296.5,412.5
3755.3,295.5,412.5
3756.3,294.5,412.5
3757.3,293.5,412.5
3758.3,292.5,412.5
3759.3,291.5,412.5
3760.3,290.5,412.5
3761.3,289.5,412.5
3762.3,288.5,412.5
3763.3,287.5,412.5
3764.3,286.5,412.5
3765.3,285.5,412.5
3766.3,284.5,412.5
3767.3,283.5,412.5
3768.3,282.5,412.5
3769.3,281.5,412.5
3770.3,280.5,412.5
3771.3,279.5,412.5
3772.3,278.5,412.5
3773.3,277.5,412.5
3774.3,276.5,412.5
3775.3,275.5,412.5
3776.3,274.5,412.5
3777.3,273.5,412.5
3778.3,272.5,412.5
3779.3,271.5,412.5
3780.3,270.5,412.5
3781.3,269.5,412.5
3782.3,268.5,412.5
3783.3,267.5,412.5
3784.3,266.5,412.5
3785.3,265.5,412.5
3786.3,264.5,412.5
3787.3,263.5,412.5
3788.3,262.5,412.5
3789.3,261.5,412.5
3790.3,260.5,412.5
3791.3,259.5,412.5
3792.3,258.5,412.5
3793.3,257.5,412.5
3794.3,256.5,412.5
3795.3,255.5,412.5
3796.3,254.5,412.5
3797.3,253.5,412.5
3798.3,252.5,412.5
3799.3,251.5,412.5
3800.3,250.5,412.5
3801.3,249.5,412.5
3802.3,248.5,412.6
3803.3,247.5,412.7
3804.3,246.5,412.8
3805.3,245.5,412.9
3806.3,244.5,412.9
3807.3,243.5,413.0
3808.3,242.5,413.1
3809.3,241.5,413.3
3810.3,240.5,413.5
3811.3,239.5,413.7
3812.3,238.6,414.0
3813.3,237.6,414.2
3814.3,236.6,414.4
3815.3,235.7,414.7
3816.3,234.7,414.9
3817.3,233.8,415.3
3818.3,232.8,415.7
3819.3,231.9,416.0
3820.3,231.0,416.4
3821.3,230.1,416.8
3822.3,229.1,417.2
3823.3,228.2,417.6
3824.3,227.3,418.0
3825.3,226.4,418.5
3826.3,225.6,419.0
3827.3,224.7,419.5
3828.3,223.9,420.0
3829.3,223.0,420.6
3830.3,222.2,421.1
3831.3,221.3,421.6
3832.3,220.5,422.2
3833.3,219.7,422.8
3834.3,219.0,423.5
3835.3,218.2,424.1
3836.3,217.4,424.8
3837.3,216.7,425.4
3838.3,215.9,426.1
3839.3,215.2,426.7
3840.3,214.4,427.4
3841.3,213.8,428.2
3842.3,213.1,428.9
3843.3,212.5,429.7
3844.3,211.8,430.4
3845.3,211.2,431.2
3846.3,210.5,432.0
3847.3,209.9,432.7
3848.3,209.3,433.5
3849.3,208.8,434.4
3850.3,208.3,435.2
3851.3,207.7,436.1
3852.3,207.2,436.9
3853.3,206.7,437.8
3854.3,206.2,438.6
3855.3,205.6,439.5
3856.3,205.2,440.4
3857.3,204.8,441.3
3858.3,204.4,442.2
3859.3,204.1,443.2
3860.3,203.7,444.1
3861.3,203.3,445.0
3862.3,202.9,445.9
3863.3,202.5,446.9
3864.3,202.3,447.8
3865.3,202.0,448.8
3866.3,201.8,449.8
3867.3,201.6,450.7
3868.3,201.3,451.7
3869.3,201.1,452.7
3870.3,200.9,453.6
3871.3,200.6,454.6
3872.3,200.5,455.6
3873.3,200.5,456.6
3874.3,200.4,457.6
3875.3,200.3,458.6
3876.3,200.2,459.6
3877.3,200.1,460.6
3878.3,200.1,461.6
3879.3,200.0,462.6
3880.3,200.1,463.6
3881.3,200.2,464.6
3882.3,200.2,465.6
3883.3,200.3,466.6
3884.3,200.4,467.6
3885.3,200.5,468.6
3886.3,200.6,469.6
3887.3,200.7,470.6
3888.3,200.9,471.5
3889.3,201.1,472.5
3890.3,201.4,473.5
3891.3,201.6,474.5
3892.3,201.8,475.4
3893.3,202.1,476.4
3894.3,202.3,477.4
3895.3,202.6,478.3
3896.3,203.0,479.2
3897.3,203.4,480.2
3898.3,203.8,481.1
3899.3,204.1,482.0
3900.3,204.5,482.9
3901.3,204.9,483.9
3902.3,205.3,484.8
3903.3,205.7,485.7
3904.3,206.3,486.5
3905.3,206.8,487.4
3906.3,207.3,488.2
3907.3,207.8,489.1
3908.3,208.4,489.9
3909.3,208.9,490.8
3910.3,209.4,491.6
3911.3,210.0,492.4
3912.3,210.7,493.2
3913.3,211.3,494.0
3914.3,212.0,494.7
3915.3,212.6,495.5
3916.3,213.3,496.2
3917.3,213.9,497.0
3918.3,214.6,497.8
3919.3,215.3,498.4
3920.3,216.1,499.1
3921.3,216.8,499.7
3922.3,217.6,500.4
3923.3,218.3,501.0
3924.3,219.1,501.7
3925.3,219.9,502.3
3926.3,220.6,503.0
3927.3,221.5,503.5
3928.3,222.3,504.0
3929.3,223.2,504.5
3930.3,224.0,505.1
3931.3,224.9,505.6
3932.3,225.7,506.1
3933.3,226.6,506.6
3934.3,227.5,507.1
3935.3,228.4,507.5
3936.3,229.3,507.9
3937.3,230.2,508.3
3938.3,231.2,508.6
3939.3,232.1,509.0
3940.3,233.0,509.4
3941.3,233.9,509.8
3942.3,234.9,510.1
3943.3,235.8,510.4
3944.3,236.8,510.6
3945.3,237.8,510.8
3946.3,238.8,511.1
3947.3,239.7,511.3
3948.3,240.7,511.5
3949.3,241.7,511.8
3950.3,242.7,511.9
3951.3,243.7,512.0
3952.3,244.7,512.1
3953.3,245.7,512.2
3954.3,246.7,512.2
3955.3,247.6,512.3
3956.3,248.6,512.4
3957.3,249.6,512.5
3958.3,250.6,512.5
3959.3,251.6,512.5
3960.3,252.6,512.5
3961.3,253.6,512.5
3962.3,254.6,512.5
3963.3,255.6,512.5
3964.3,256.6,512.5
3965.3,257.6,512.5
3966.3,258.6,512.5
3967.3,259.6,512.5
3968.3,260.6,512.5
3969.3,261.6,512.5
3970.3,262.6,512.5
3971.3,263.6,512.5
3972.3,264.6,512.5
3973.3,265.6,512.5
3974.3,266.6,512.5
3975.3,267.6,512.5
3976.3,268.6,512.5
3977.3,269.6,512.5
3978.3,270.6,512.5
3979.3,271.6,512.5
3980.3,272.6,512.5
3981.3,273.6,512.5
3982.3,274.6,512.5
3983.3,275.6,512.5
3984.3,276.6,512.5
3985.3,277.6,512.5
3986.3,278.6,512.5
3987.3,279.6,512.5
3988.3,280.6,512.5
3989.3,281.6,512.5
3990.3,282.6,512.5
3991.3,283.6,512.5
3992.3,284.6,512.5
3993.3,285.6,512.5
3994.3,286.6,512.5
3995.3,287.6,512.5
3996.3,288.6,512.5
3997.3,289.6,512.5
3998.3,290.6,512.5
3999.3,291.6,512.5
4000.3,292.6,512.5
4001.3,293.6,512.5
4002.3,294.6,512.5
4003.3,295.6,512.5
4004.3,296.6,512.5
4005.3,297.6,512.5
4006.3,298.6,512.5
4007.3,299.6,512.5
4008.3,300.6,512.5
4009.3,301.6,512.5
4010.3,302.6,512.5
4011.3,303.6,512.5
4012.3,304.6,512.5
4013.3,305.6,512.5
4014.3,306.6,512.5
4015.3,307.6,512.5
4016.3,308.6,512.5
4017.3,309.6,512.5
4018.3,310.6,512.5
4019.3,311.6,512.5
4020.3,312.6,512.5
4021.3,313.6,512.5
4022.3,314.6,512.5
4023.3,315.6,512.5
4024.3,316.6,512.5
4025.3,317.6,512.5
4026.3,318.6,512.5
4027.3,319.6,512.5
4028.3,320.6,512.5
4029.3,321.6,512.5
4030.3,322.6,512.5
4031.3,323.6,512.5
4032.3,324.6,512.5
4033.3,325.6,512.5
4034.3,326.6,512.5
4035.3,327.6,512.5
4036.3,328.6,512.5
4037.3,329.6,512.5
4038.3,330.6,512.5
4039.3,331.6,512.5
4040.3,332.6,512.5
4041.3,333.6,512.5
4042.3,334.6,512.5
4043.3,335.6,512.5
4044.3,336.6,512.5
4045.3,337.6,512.5
4046.3,338.6,512.5
4047.3,339.6,512.5
4048.3,340.6,512.5
4049.3,341.7,512.5
4050.3,342.7,512.5
4051.3,343.7,512.5
4052.3,344.7,512.5
4053.3,345.7,512.5
4054.3,346.7,512.5
4055.3,347.7,512.5
4056.3,348.7,512.5
4057.3,349.7,512.5
4058.3,350.7,512.5
4059.3,351.7,512.5
4060.3,352.7,512.5
4061.3,353.7,512.5
4062.3,354.7,512.5
4063.3,355.7,512.5
4064.3,356.7,512.5
4065.3,357.7,512.5
4066.3,358.7,512.5
4067.3,359.7,512.5
4068.3,360.7,512.5
4069.3,361.7,512.5
4070.3,362.7,512.5
4071.3,363.7,512.5
4072.3,364.7,512.5
4073.3,365.7,512.5
4074.3,366.7,512.5
4075.3,367.7,512.5
4076.3,368.7,512.5
4077.3,369.7,512.5
4078.3,370.7,512.5
4079.3,371.7,512.5
4080.3,372.7,512.5
4081.3,373.7,512.5
4082.3,374.7,512.5
4083.3,375.7,512.5
4084.3,376.7,512.5
4085.3,377.7,512.5
4086.3,378.7,512.5
4087.3,379.7,512.5
4088.3,380.7,512.5
4089.3,381.7,512.5
4090.3,382.7,512.5
4091.3,383.7,512.5
4092.3,384.7,512.5
4093.3,385.7,512.5
4094.3,386.7,512.5
4095.3,387.7,512.5
4096.3,388.7,512.5
4097.3,389.7,512.5
4098.3,390.7,512.5
4099.3,391.7,512.5
4100.3,392.7,512.5
4101.3,393.7,512.5
4102.3,394.7,512.5
4103.3,395.7,512.5
4104.3,396.7,512.5
4105.3,397.7,512.5
4106.3,398.7,512.5
4107.3,399.7,512.5
4108.3,400.7,512.5
4109.3,401.7,512.5
4110.3,402.7,512.5
4111.3,403.7,512.5
4112.3,404.7,512.5
4113.3,405.7,512.5
4114.3,406.7,512.5
4115.3,407.7,512.5
4116.3,408.7,512.5
4117.3,409.7,512.5
4118.3,410.7,512.5
4119.3,411.7,512.5
4120.3,412.7,512.5
4121.3,413.7,512.5
4122.3,414.7,512.5
4123.3,415.7,512.5
4124.3,416.7,512.5
4125.3,417.7,512.5
4126.3,418.7,512.5
4127.3,419.7,512.5
4128.3,420.7,512.5
4129.3,421.7,512.5
4130.3,422.7,512.5
4131.3,423.7,512.5
4132.3,424.7,512.5
4133.3,425.7,512.5
4134.3,426.7,512.5
4135.3,427.7,512.5
4136.3,428.7,512.5
4137.3,429.7,512.5
4138.3,430.7,512.5
4139.3,431.7,512.5
4140.3,432.7,512.5
4141.3,433.7,512.5
4142.3,434.7,512.5
4143.3,435.7,512.5
4144.3,436.7,512.5
4145.3,437.7,512.5
4146.3,438.7,512.5
4147.3,439.7,512.5
4148.3,440.7,512.5
4149.3,441.7,512.5
4150.3,442.7,512.5
4151.3,443.7,512.5
4152.3,444.7,512.5
4153.3,445.7,512.5
4154.3,446.7,512.5
4155.3,447.7,512.5
4156.3,448.7,512.5
4157.3,449.7,512.5
4158.3,450.7,512.5
4159.3,451.7,512.5
4160.3,452.7,512.5
4161.3,453.7,512.5
4162.3,454.7,512.5
4163.3,455.7,512.5
4164.3,456.7,512.5
4165.3,457.7,512.5
4166.3,458.7,512.5
4167.3,459.7,512.5
4168.3,460.7,512.5
4169.3,461.7,512.5
4170.3,462.7,512.5
4171.3,463.7,512.5
4172.3,464.7,512.5
4173.3,465.7,512.5
4174.3,466.7,512.5
4175.3,467.7,512.5
4176.3,468.7,512.5
4177.3,469.7,512.5
4178.3,470.7,512.5
4179.3,471.7,512.5
4180.3,472.7,512.5
4181.3,473.7,512.5
4182.3,474.7,512.5
4183.3,475.7,512.5
4184.3,476.7,512.5
4185.3,477.7,512.5
4186.3,478.7,512.5
4187.3,479.7,512.5
4188.3,480.7,512.5
4189.3,481.7,512.5
4190.3,482.7,512.5
4191.3,483.7,512.5
4192.3,484.7,512.5
4193.3,485.7,512.5
4194.3,486.7,512.5
4195.3,487.7,512.5
4196.3,488.7,512.5
4197.3,489.7,512.5
4198.3,490.7,512.5
4199.3,491.7,512.5
4200.3,492.7,512.5
4201.3,493.7,512.5
4202.3,494.7,512.5
4203.3,495.7,512.5
4204.3,496.7,512.5
4205.3,497.7,512.5
4206.3,498.7,512.5
4207.3,499.7,512.5
4208.3,500.7,512.5
4209.3,501.7,512.5
4210.3,502.7,512.5
4211.3,503.7,512.5
4212.3,504.7,512.5
4213.3,505.7,512.5
4214.3,506.7,512.5
4215.3,507.7,512.5
4216.3,508.7,512.5
4217.3,509.7,512.5
4218.3,510.7,512.5
4219.3,511.7,512.5
4220.3,512.7,512.5
4221.3,513.7,512.5
4222.3,514.7,512.5
4223.3,515.7,512.5
4224.3,516.7,512.5
4225.3,517.7,512.5
4226.3,518.7,512.5
4227.3,519.7,512.5
4228.3,520.7,512.5
4229.3,521.7,512.5
4230.3,522.7,512.5
4231.3,523.7,512.5
4232.3,524.7,512.5
4233.3,525.7,512.5
4234.3,526.7,512.5
4235.3,527.7,512.5
4236.3,528.7,512.5
4237.3,529.7,512.5
4238.3,530.7,512.5
4239.3,531.7,512.5
4240.3,532.7,512.5
4241.3,533.7,512.5
4242.3,534.7,512.5
4243.3,535.7,512.5
4244.3,536.7,512.5
4245.3,537.7,512.5
4246.3,538.7,512.5
4247.3,539.7,512.5
4248.3,540.7,512.5
4249.3,541.7,512.5
4250.3,542.7,512.5
4251.3,543.7,512.5
4252.3,544.7,512.5
4253.3,545.7,512.5
4254.3,546.7,512.5
4255.3,547.7,512.5
4256.3,548.7,512.5
4257.3,549.7,512.5
4258.3,550.7,512.5
4259.3,551.7,512.5
4260.3,552.7,512.5
4261.3,553.7,512.5
4262.3,554.7,512.5
4263.3,555.7,512.5
4264.3,556.7,512.5
4265.3,557.7,512.5
4266.3,558.7,512.5
4267.3,559.7,512.5
4268.3,560.7,512.5
4269.3,561.7,512.5
4270.3,562.7,512.5
4271.3,563.7,512.5
4272.3,564.7,512.5
4273.3,565.7,512.5
4274.3,566.7,512.5
4275.3,567.7,512.5
4276.3,568.7,512.5
4277.3,569.7,512.5
4278.3,570.7,512.5
4279.3,571.7,512.5
4280.3,572.7,512.5
4281.3,573.7,512.5
4282.3,574.7,512.5
4283.3,575.7,512.5
4284.3,576.7,512.5
4285.3,577.7,512.5
4286.3,578.7,512.5
4287.3,579.7,512.5
4288.3,580.7,512.5
4289.3,581.7,512.5
4290.3,582.7,512.5
4291.3,583.7,512.5
4292.3,584.7,512.5
4293.3,585.7,512.5
4294.3,586.7,512.5
4295.3,587.7,512.5
4296.3,588.7,512.5
4297.3,589.7,512.5
4298.3,590.7,512.5
4299.3,591.7,512.5
4300.3,592.7,512.5
4301.3,593.7,512.5
4302.3,594.7,512.5
4303.3,595.7,512.5
4304.3,596.7,512.5
4305.3,597.7,512.5
4306.3,598.7,512.5
4307.3,599.7,512.5
4308.3,600.7,512.5
4309.3,601.7,512.5
4310.3,602.7,512.5
4311.3,603.7,512.5
4312.3,604.7,512.5
4313.3,605.7,512.5
4314.3,606.7,512.5
4315.3,607.7,512.5
4316.3,608.7,512.5
4317.3,609.7,512.5
4318.3,610.7,512.5
4319.3,611.7,512.5
4320.3,612.7,512.5
4321.3,613.7,512.5
4322.3,614.7,512.5
4323.3,615.7,512.5
4324.3,616.7,512.5
4325.3,617.7,512.5
4326.3,618.7,512.5
4327.3,619.7,512.5
4328.3,620.7,512.5
4329.3,621.7,512.5
4330.3,622.7,512.5
4331.3,623.7,512.5
4332.3,624.7,512.5
4333.3,625.7,512.5
4334.3,626.7,512.5
4335.3,627.7,512.5
4336.3,628.7,512.5
4337.3,629.7,512.5
4338.3,630.7,512.5
4339.3,631.7,512.5
4340.3,632.7,512.5
4341.3,633.7,512.5
4342.3,634.7,512.5
4343.3,635.7,512.5
4344.3,636.7,512.5
4345.3,637.7,512.5
4346.3,638.7,512.5
4347.3,639.7,512.5
4348.3,640.7,512.5
4349.3,641.7,512.5
4350.3,642.7,512.5
4351.3,643.7,512.5
4352.3,644.7,512.5
4353.3,645.7,512.5
4354.3,646.7,512.5
4355.3,647.7,512.5
4356.3,648.7,512.5
4357.3,649.7,512.5
4358.3,650.7,512.5
4359.3,651.7,512.5
4360.3,652.7,512.5
4361.3,653.7,512.5
4362.3,654.7,512.5
4363.3,655.7,512.5
4364.3,656.7,512.5
4365.3,657.7,512.5
4366.3,658.7,512.5
4367.3,659.7,512.5
4368.3,660.7,512.5
4369.3,661.7,512.5
4370.3,662.7,512.5
4371.3,663.7,512.5
4372.3,664.7,512.5
4373.3,665.7,512.5
4374.3,666.7,512.5
4375.3,667.7,512.5
4376.3,668.7,512.5
4377.3,669.7,512.5
4378.3,670.7,512.5
4379.3,671.7,512.5
4380.3,672.7,512.5
4381.3,673.7,512.5
4382.3,674.7,512.5
4383.3,675.7,512.5
4384.3,676.7,512.5
4385.3,677.7,512.5
4386.3,678.7,512.5
4387.3,679.7,512.5
4388.3,680.7,512.5
4389.3,681.7,512.5
4390.4,682.7,512.5
4391.4,683.7,512.5
4392.4,684.7,512.5
4393.4,685.7,512.5
4394.4,686.7,512.5
4395.4,687.7,512.5
4396.4,688.7,512.5
4397.4,689.7,512.5
4398.4,690.7,512.5
4399.4,691.7,512.5
4400.4,692.7,512.5
4401.4,693.7,512.5
4402.4,694.7,512.5
4403.4,695.7,512.5
4404.4,696.7,512.5
4405.4,697.7,512.5
4406.4,698.7,512.5
4407.4,699.7,512.5
4408.4,700.7,512.5
4409.4,701.7,512.5
4410.4,702.7,512.5
4411.4,703.7,512.5
4412.4,704.7,512.5
4413.4,705.7,512.5
4414.4,706.7,512.5
4415.4,707.7,512.5
4416.4,708.7,512.5
4417.4,709.7,512.5
4418.4,710.7,512.5
4419.4,711.7,512.5
4420.4,712.7,512.5
4421.4,713.7,512.5
4422.4,714.7,512.5
4423.4,715.7,512.5
4424.4,716.7,512.5
4425.4,717.7,512.5
4426.4,718.7,512.5
4427.4,719.7,512.5
4428.4,720.7,512.5
4429.4,721.7,512.5
4430.4,722.7,512.5
4431.4,723.7,512.5
4432.4,724.7,512.5
4433.4,725.7,512.5
4434.4,726.7,512.5
4435.4,727.7,512.5
4436.4,728.7,512.5
4437.4,729.7,512.5
4438.4,730.7,512.5
4439.4,731.7,512.5
4440.4,732.7,512.5
4441.4,733.7,512.5
4442.4,734.7,512.5
4443.4,735.7,512.5
4444.4,736.7,512.5
4445.4,737.7,512.5
4446.4,738.7,512.5
4447.4,739.7,512.5
4448.4,740.7,512.5
4449.4,741.7,512.5
4450.4,742.7,512.5
4451.4,743.7,512.5
4452.4,744.7,512.5
4453.4,745.7,512.5
4454.4,746.7,512.5
4455.4,747.7,512.5
4456.4,748.7,512.5
4457.4,749.7,512.5
4458.4,750.7,512.5
4459.4,751.7,512.5
4460.4,752.7,512.5
4461.4,753.7,512.5
4462.4,754.7,512.5
4463.4,755.7,512.5
4464.4,756.7,512.5
4465.4,757.7,512.5
4466.4,758.7,512.5
4467.4,759.7,512.5
4468.4,760.7,512.5
4469.4,761.7,512.5
4470.4,762.7,512.5
4471.4,763.7,512.5
4472.4,764.7,512.5
4473.4,765.7,512.5
4474.4,766.7,512.5
4475.4,767.7,512.5
4476.4,768.7,512.5
4477.4,769.7,512.5
4478.4,770.7,512.5
4479.4,771.7,512.5
4480.4,772.7,512.5
4481.4,773.7,512.5
4482.4,774.7,512.5
4483.4,775.7,512.5
4484.4,776.7,512.5
4485.4,777.7,512.5
4486.4,778.7,512.5
4487.4,779.7,512.5
4488.4,780.7,512.5
4489.4,781.7,512.5
4490.4,782.7,512.5
4491.4,783.7,512.5
4492.4,784.7,512.5
4493.4,785.7,512.5
4494.4,786.7,512.5
4495.4,787.7,512.5
4496.4,788.7,512.5
4497.4,789.7,512.5
4498.4,790.7,512.5
4499.4,791.7,512.5
4500.4,792.7,512.5
4501.4,793.7,512.5
4502.4,794.7,512.5
4503.4,795.7,512.5
4504.4,796.7,512.5
4505.4,797.7,512.5
4506.4,798.7,512.5
4507.4,799.7,512.5
4508.4,800.7,512.5
4509.4,801.7,512.5
4510.4,802.7,512.5
4511.4,803.7,512.5
4512.4,804.7,512.5
4513.4,805.7,512.5
4514.4,806.7,512.5
4515.4,807.7,512.5
4516.4,808.7,512.5
4517.4,809.7,512.5
4518.4,810.7,512.5
4519.4,811.7,512.5
4520.4,812.7,512.5
4521.4,813.7,512.5
4522.4,814.7,512.5
4523.4,815.7,512.5
4524.4,816.7,512.5
4525.4,817.7,512.5
4526.4,818.7,512.5
4527.4,819.7,512.5
4528.4,820.7,512.5
4529.4,821.7,512.5
4530.4,822.7,512.5
4531.4,823.7,512.5
4532.4,824.7,512.5
4533.4,825.7,512.5
4534.4,826.7,512.5
4535.4,827.7,512.5
4536.4,828.7,512.5
4537.4,829.7,512.5
4538.4,830.7,512.5
4539.4,831.7,512.5
4540.4,832.7,512.5
4541.4,833.7,512.5
4542.4,834.7,512.5
4543.4,835.7,512.5
4544.4,836.7,512.5
4545.4,837.7,512.5
4546.4,838.7,512.5
4547.4,839.7,512.5
4548.4,840.7,512.5
4549.4,841.7,512.5
4550.4,842.7,512.5
4551.4,843.7,512.5
4552.4,844.7,512.5
4553.4,845.7,512.5
4554.4,846.7,512.5
4555.4,847.7,512.5
4556.4,848.7,512.5
4557.4,849.7,512.5
4558.4,850.7,512.5
4559.4,851.7,512.5
4560.4,852.7,512.5
4561.4,853.7,512.5
4562.4,854.7,512.5
4563.4,855.7,512.5
4564.4,856.7,512.5
4565.4,857.7,512.5
4566.4,858.7,512.5
4567.4,859.7,512.5
4568.4,860.7,512.5
4569.4,861.7,512.5
4570.4,862.7,512.5
4571.4,863.7,512.5
4572.4,864.7,512.5
4573.4,865.7,512.5
4574.4,866.7,512.5
4575.4,867.7,512.5
4576.4,868.7,512.5
4577.4,869.7,512.5
4578.4,870.7,512.5
4579.4,871.7,512.5
4580.4,872.7,512.5
4581.4,873.7,512.5
4582.4,874.7,512.5
4583.4,875.7,512.5
4584.4,876.7,512.5
4585.4,877.7,512.5
4586.4,878.7,512.5
4587.4,879.7,512.5
4588.4,880.7,512.5
4589.4,881.7,512.5
4590.4,882.7,512.5
4591.4,883.7,512.5
4592.4,884.7,512.5
4593.4,885.7,512.5
4594.4,886.7,512.5
4595.4,887.7,512.5
4596.4,888.7,512.5
4597.4,889.7,512.5
4598.4,890.7,512.5
4599.4,891.7,512.5
4600.4,892.7,512.5
4601.4,893.7,512.5
4602.4,894.7,512.5
4603.4,895.7,512.5
4604.4,896.7,512.5
4605.4,897.7,512.5
4606.4,898.7,512.5
4607.4,899.7,512.5
4608.4,900.7,512.5
4609.4,901.7,512.5
4610.4,902.7,512.5
4611.4,903.7,512.5
4612.4,904.7,512.5
4613.4,905.7,512.5
4614.4,906.7,512.5
4615.4,907.7,512.5
4616.4,908.7,512.5
4617.4,909.7,512.5
4618.4,910.7,512.5
4619.4,911.7,512.5
4620.4,912.7,512.5
4621.4,913.7,512.5
4622.4,914.7,512.5
4623.4,915.7,512.5
4624.4,916.7,512.5
4625.4,917.7,512.5
4626.4,918.7,512.5
4627.4,919.7,512.5
4628.4,920.7,512.5
4629.4,921.7,512.5
4630.4,922.7,512.5
4631.4,923.7,512.5
4632.4,924.7,512.5
4633.4,925.7,512.5
4634.4,926.7,512.5
4635.4,927.7,512.5
4636.4,928.7,512.5
4637.4,929.7,512.5
4638.4,930.7,512.5
4639.4,931.7,512.5
4640.4,932.7,512.5
4641.4,933.7,512.5
4642.4,934.7,512.5
4643.4,935.7,512.5
4644.4,936.7,512.5
4645.4,937.7,512.5
4646.4,938.7,512.5
4647.4,939.7,512.5
4648.4,940.7,512.5
4649.4,941.7,512.5
4650.4,942.7,512.5
4651.4,943.7,512.5
4652.4,944.7,512.5
4653.4,945.7,512.5
4654.4,946.7,512.5
4655.4,947.7,512.5
4656.4,948.7,512.5
4657.4,949.7,512.5
4658.4,950.7,512.5
4659.4,951.7,512.5
4660.4,952.7,512.5
4661.4,953.7,512.5
4662.4,954.7,512.5
4663.4,955.7,512.5
4664.4,956.7,512.5
4665.4,957.7,512.5
4666.4,958.7,512.5
4667.4,959.7,512.5
4668.4,960.7,512.5
4669.4,961.7,512.5
4670.4,962.7,512.5
4671.4,963.7,512.5
4672.4,964.7,512.5
4673.4,965.7,512.5
4674.4,966.7,512.5
4675.4,967.7,512.5
4676.4,968.7,512.5
4677.4,969.7,512.5
4678.4,970.7,512.5
4679.4,971.7,512.5
4680.4,972.7,512.5
4681.4,973.7,512.5
4682.4,974.7,512.5
4683.4,975.7,512.5
4684.4,976.7,512.5
4685.4,977.7,512.5
4686.4,978.7,512.5
4687.4,979.7,512.5
4688.4,980.7,512.5
4689.4,981.7,512.5
4690.4,982.7,512.5
4691.4,983.7,512.5
4692.4,984.7,512.5
4693.4,985.7,512.5
4694.4,986.7,512.5
4695.4,987.7,512.5
4696.4,988.7,512.5
4697.4,989.7,512.5
4698.4,990.7,512.5
4699.4,991.7,512.5
4700.4,992.7,512.5
4701.4,993.7,512.5
4702.4,994.7,512.5
4703.4,995.7,512.5
4704.4,996.7,512.5
4705.4,997.7,512.5
4706.4,998.7,512.5
4707.4,999.7,512.5
4708.4,1000.7,512.5
4709.4,1001.7,512.5
4710.4,1002.7,512.5
4711.4,1003.7,512.5
4712.4,1004.7,512.5
4713.4,1005.7,512.5
4714.4,1006.7,512.5
4715.4,1007.7,512.5
4716.4,1008.7,512.5
4717.4,1009.7,512.5
4718.4,1010.7,512.5
4719.4,1011.7,512.5
4720.4,1012.7,512.5
4721.4,1013.7,512.5
4722.4,1014.7,512.5
4723.4,1015.7,512.5
4724.4,1016.7,512.5
4725.4,1017.7,512.5
4726.4,1018.7,512.5
4727.4,1019.7,512.5
4728.4,1020.7,512.5
4729.4,1021.7,512.5
4730.4,1022.7,512.5
4731.4,1023.7,512.5
4732.4,1024.7,512.5
4733.4,1025.7,512.5
4734.4,1026.7,512.5
4735.4,1027.7,512.5
4736.4,1028.7,512.5
4737.4,1029.7,512.5
4738.4,1030.7,512.5
4739.4,1031.7,512.5
4740.4,1032.7,512.5
4741.4,1033.7,512.5
4742.4,1034.7,512.5
4743.4,1035.7,512.5
4744.4,1036.7,512.5
4745.4,1037.7,512.5
4746.4,1038.7,512.5
4747.4,1039.7,512.5
4748.4,1040.7,512.5
4749.4,1041.7,512.5
4750.4,1042.7,512.5
4751.4,1043.7,512.5
4752.4,1044.7,512.5
4753.4,1045.7,512.5
4754.4,1046.7,512.5
4755.4,1047.7,512.5
4756.4,1048.7,512.5
4757.4,1049.7,512.5
4758.4,1050.7,512.5
4759.4,1051.7,512.5
4760.4,1052.7,512.5
4761.4,1053.7,512.5
4762.4,1054.7,512.5
4763.4,1055.7,512.5
4764.4,1056.7,512.5
4765.4,1057.7,512.5
4766.4,1058.7,512.6
4767.4,1059.7,512.7
4768.4,1060.7,512.8
4769.4,1061.7,512.8
4770.4,1062.7,512.9
4771.4,1063.7,513.0
4772.4,1064.7,513.1
4773.4,1065.7,513.2
4774.4,1066.6,513.4
4775.4,1067.6,513.7
4776.4,1068.6,513.9
4777.4,1069.6,514.1
4778.4,1070.5,514.4
4779.4,1071.5,514.6
4780.4,1072.5,514.8
4781.4,1073.4,515.1
4782.4,1074.4,515.5
4783.4,1075.3,515.9
4784.4,1076.2,516.3
4785.4,1077.1,516.7
4786.4,1078.0,517.1
4787.4,1079.0,517.4
4788.4,1079.9,517.8
4789.4,1080.8,518.3
4790.4,1081.6,518.8
4791.4,1082.5,519.3
4792.4,1083.3,519.9
4793.4,1084.2,520.4
4794.4,1085.0,520.9
4795.4,1085.9,521.4
4796.4,1086.7,522.0
4797.4,1087.5,522.6
4798.4,1088.3,523.2
4799.4,1089.0,523.9
4800.4,1089.8,524.5
4801.4,1090.6,525.2
4802.4,1091.3,525.8
4803.4,1092.1,526.5
4804.4,1092.8,527.1
4805.4,1093.5,527.9
4806.4,1094.1,528.7
4807.4,1094.8,529.4
4808.4,1095.4,530.2
4809.4,1096.1,530.9
4810.4,1096.7,531.7
4811.4,1097.4,532.5
4812.4,1098.0,533.2
4813.4,1098.5,534.1
4814.4,1099.1,534.9
4815.4,1099.6,535.8
4816.4,1100.1,536.6
4817.4,1100.6,537.5
4818.4,1101.2,538.3
4819.4,1101.7,539.2
4820.4,1102.2,540.1
4821.4,1102.5,541.0
4822.4,1102.9,541.9
4823.4,1103.3,542.8
4824.4,1103.7,543.8
4825.4,1104.1,544.7
4826.4,1104.5,545.6
4827.4,1104.8,546.5
4828.4,1105.2,547.5
4829.4,1105.4,548.5
4830.4,1105.6,549.4
4831.4,1105.9,550.4
4832.4,1106.1,551.4
4833.4,1106.3,552.3
4834.4,1106.6,553.3
4835.4,1106.8,554.3
4836.4,1106.9,555.3
4837.4,1107.0,556.3
4838.4,1107.1,557.3
4839.4,1107.2,558.3
4840.4,1107.2,559.3
4841.4,1107.3,560.3
4842.4,1107.4,561.3
4843.4,1107.5,562.3
4844.4,1107.4,563.3
4845.4,1107.4,564.2
4846.4,1107.3,565.2
4847.4,1107.2,566.2
4848.4,1107.1,567.2
4849.4,1107.0,568.2
4850.4,1107.0,569.2
4851.4,1106.9,570.2
4852.4,1106.7,571.2
4853.4,1106.4,572.2
4854.4,1106.2,573.2
4855.4,1106.0,574.1
4856.4,1105.7,575.1
4857.4,1105.5,576.1
4858.4,1105.3,577.0
4859.4,1105.0,578.0
4860.4,1104.6,578.9
4861.4,1104.3,579.9
4862.4,1103.9,580.8
4863.4,1103.5,581.7
4864.4,1103.1,582.6
4865.4,1102.7,583.6
4866.4,1102.3,584.5
4867.4,1101.9,585.4
4868.4,1101.4,586.2
4869.4,1100.9,587.1
4870.4,1100.4,587.9
4871.4,1099.8,588.8
4872.4,1099.3,589.6
4873.4,1098.8,590.5
4874.4,1098.3,591.4
4875.4,1097.7,592.2
4876.4,1097.1,592.9
4877.4,1096.4,593.7
4878.4,1095.8,594.5
4879.4,1095.1,595.2
4880.4,1094.5,596.0
4881.4,1093.8,596.7
4882.4,1093.2,597.5
4883.4,1092.5,598.2
4884.4,1091.7,598.8
4885.4,1090.9,599.5
4886.4,1090.2,600.1
4887.4,1089.4,600.8
4888.4,1088.7,601.4
4889.4,1087.9,602.1
4890.4,1087.1,602.7
4891.4,1086.3,603.3
4892.4,1085.5,603.8
4893.4,1084.6,604.4
4894.4,1083.7,604.9
4895.4,1082.9,605.4
4896.4,1082.0,605.9
4897.4,1081.2,606.4
4898.4,1080.3,607.0
4899.4,1079.4,607.4
4900.4,1078.5,607.8
4901.4,1077.6,608.1
4902.4,1076.7,608.5
4903.4,1075.7,608.9
4904.4,1074.8,609.3
4905.4,1073.9,609.7
4906.4,1073.0,610.0
4907.4,1072.0,610.3
4908.4,1071.0,610.5
4909.4,1070.0,610.8
4910.4,1069.1,611.0
4911.4,1068.1,611.2
4912.4,1067.1,611.5
4913.4,1066.2,611.7
4914.4,1065.2,611.9
4915.4,1064.2,612.0
4916.4,1063.2,612.1
4917.4,1062.2,612.1
4918.4,1061.2,612.2
4919.4,1060.2,612.3
4920.4,1059.2,612.4
4921.4,1058.2,612.4
4922.4,1057.2,612.5
4923.4,1056.2,612.5
4924.4,1055.2,612.5
4925.4,1054.2,612.5
4926.4,1053.2,612.5
4927.4,1052.2,612.5
4928.4,1051.2,612.5
4929.4,1050.2,612.5
4930.4,1049.2,612.5
4931.4,1048.2,612.5
4932.4,1047.2,612.5
4933.4,1046.2,612.5
4934.4,1045.2,612.5
4935.4,1044.2,612.5
4936.4,1043.2,612.5
4937.4,1042.2,612.5
4938.4,1041.2,612.5
4939.4,1040.2,612.5
4940.4,1039.2,612.5
4941.4,1038.2,612.5
4942.4,1037.2,612.5
4943.4,1036.2,612.5
4944.4,1035.2,612.5
4945.4,1034.2,612.5
4946.4,1033.2,612.5
4947.4,1032.2,612.5
4948.4,1031.2,612.5
4949.4,1030.2,612.5
4950.4,1029.2,612.5
4951.4,1028.2,612.5
4952.4,1027.2,612.5
4953.4,1026.2,612.5
4954.4,1025.2,612.5
4955.4,1024.2,612.5
4956.4,1023.2,612.5
4957.4,1022.2,612.5
4958.4,1021.2,612.5
4959.4,1020.2,612.5
4960.4,1019.2,612.5
4961.4,1018.2,612.5
4962.4,1017.2,612.5
4963.4,1016.2,612.5
4964.4,1015.2,612.5
4965.4,1014.2,612.5
4966.4,1013.2,612.5
4967.4,1012.2,612.5
4968.4,1011.2,612.5
4969.4,1010.2,612.5
4970.4,1009.2,612.5
4971.4,1008.2,612.5
4972.4,1007.2,612.5
4973.4,1006.2,612.5
4974.4,1005.2,612.5
4975.4,1004.2,612.5
4976.4,1003.2,612.5
4977.4,1002.2,612.5
4978.4,1001.2,612.5
4979.4,1000.2,612.5
4980.4,999.2,612.5
4981.4,998.2,612.5
4982.4,997.2,612.5
4983.4,996.2,612.5
4984.4,995.2,612.5
4985.4,994.2,612.5
4986.4,993.2,612.5
4987.4,992.2,612.5
4988.4,991.2,612.5
4989.4,990.2,612.5
4990.4,989.2,612.5
4991.4,988.2,612.5
4992.4,987.2,612.5
4993.4,986.2,612.5
4994.4,985.2,612.5
4995.4,984.2,612.5
4996.4,983.2,612.5
4997.4,982.2,612.5
4998.4,981.2,612.5
4999.4,980.2,612.5
5000.4,979.2,612.5
5001.4,978.2,612.5
5002.4,977.2,612.5
5003.4,976.2,612.5
5004.4,975.2,612.5
5005.4,974.2,612.5
5006.4,973.2,612.5
5007.4,972.2,612.5
5008.4,971.2,612.5
5009.4,970.2,612.5
5010.4,969.2,612.5
5011.4,968.2,612.5
5012.4,967.2,612.5
5013.4,966.2,612.5
5014.4,965.2,612.5
5015.4,964.2,612.5
5016.4,963.2,612.5
5017.4,962.2,612.5
5018.4,961.2,612.5
5019.4,960.2,612.5
5020.4,959.2,612.5
5021.4,958.2,612.5
5022.4,957.2,612.5
5023.4,956.2,612.5
5024.4,955.2,612.5
5025.4,954.2,612.5
5026.4,953.2,612.5
5027.4,952.2,612.5
5028.4,951.2,612.5
5029.4,950.2,612.5
5030.4,949.2,612.5
5031.4,948.2,612.5
5032.4,947.2,612.5
5033.4,946.2,612.5
5034.4,945.2,612.5
5035.4,944.2,612.5
5036.4,943.2,612.5
5037.4,942.2,612.5
5038.4,941.2,612.5
5039.4,940.2,612.5
5040.4,939.2,612.5
5041.4,938.2,612.5
5042.4,937.2,612.5
5043.4,936.2,612.5
5044.4,935.2,612.5
5045.4,934.2,612.5
5046.4,933.2,612.5
5047.4,932.2,612.5
5048.4,931.2,612.5
5049.4,930.2,612.5
5050.4,929.2,612.5
5051.4,928.2,612.5
5052.4,927.2,612.5
5053.4,926.2,612.5
5054.4,925.2,612.5
5055.4,924.2,612.5
5056.4,923.2,612.5
5057.4,922.2,612.5
5058.4,921.2,612.5
5059.4,920.2,612.5
5060.4,919.2,612.5
5061.4,918.2,612.5
5062.4,917.2,612.5
5063.4,916.2,612.5
5064.4,915.2,612.5
5065.4,914.2,612.5
5066.4,913.2,612.5
5067.4,912.2,612.5
5068.4,911.2,612.5
5069.4,910.2,612.5
5070.4,909.2,612.5
5071.4,908.2,612.5
5072.4,907.2,612.5
5073.4,906.2,612.5
5074.4,905.2,612.5
5075.4,904.2,612.5
5076.4,903.2,612.5
5077.4,902.2,612.5
5078.4,901.2,612.5
5079.4,900.2,612.5
5080.4,899.2,612.5
5081.4,898.2,612.5
5082.4,897.2,612.5
5083.4,896.2,612.5
5084.4,895.2,612.5
5085.4,894.2,612.5
5086.4,893.2,612.5
5087.4,892.2,612.5
5088.4,891.2,612.5
5089.4,890.2,612.5
5090.4,889.2,612.5
5091.4,888.2,612.5
5092.4,887.2,612.5
5093.4,886.2,612.5
5094.4,885.2,612.5
5095.4,884.2,612.5
5096.4,883.2,612.5
5097.4,882.2,612.5
5098.4,881.2,612.5
5099.4,880.2,612.5
5100.4,879.2,612.5
5101.4,878.2,612.5
5102.4,877.2,612.5
5103.4,876.2,612.5
5104.4,875.2,612.5
5105.4,874.2,612.5
5106.4,873.2,612.5
5107.4,872.2,612.5
5108.4,871.2,612.5
5109.4,870.2,612.5
5110.4,869.2,612.5
5111.4,868.2,612.5
5112.4,867.2,612.5
5113.4,866.2,612.5
5114.4,865.2,612.5
5115.4,864.2,612.5
5116.4,863.2,612.5
5117.4,862.2,612.5
5118.4,861.2,612.5
5119.4,860.2,612.5
5120.4,859.2,612.5
5121.4,858.2,612.5
5122.4,857.2,612.5
5123.4,856.2,612.5
5124.4,855.2,612.5
5125.4,854.2,612.5
5126.4,853.2,612.5
5127.4,852.2,612.5
5128.4,851.2,612.5
5129.4,850.2,612.5
5130.4,849.2,612.5
5131.4,848.2,612.5
5132.4,847.2,612.5
5133.4,846.2,612.5
5134.4,845.2,612.5
5135.4,844.2,612.5
5136.4,843.2,612.5
5137.4,842.2,612.5
5138.4,841.2,612.5
5139.4,840.2,612.5
5140.4,839.2,612.5
5141.4,838.2,612.5
5142.4,837.2,612.5
5143.4,836.2,612.5
5144.4,835.2,612.5
5145.4,834.2,612.5
5146.4,833.2,612.5
5147.4,832.2,612.5
5148.4,831.2,612.5
5149.4,830.2,612.5
5150.4,829.2,612.5
5151.4,828.2,612.5
5152.4,827.2,612.5
5153.4,826.2,612.5
5154.4,825.2,612.5
5155.4,824.2,612.5
5156.4,823.2,612.5
5157.4,822.2,612.5
5158.4,821.2,612.5
5159.4,820.2,612.5
5160.4,819.2,612.5
5161.4,818.2,612.5
5162.4,817.2,612.5
5163.4,816.2,612.5
5164.4,815.2,612.5
5165.4,814.2,612.5
5166.4,813.2,612.5
5167.4,812.2,612.5
5168.4,811.2,612.5
5169.4,810.2,612.5
5170.4,809.2,612.5
5171.4,808.2,612.5
5172.4,807.2,612.5
5173.4,806.2,612.5
5174.4,805.2,612.5
5175.4,804.2,612.5
5176.4,803.2,612.5
5177.4,802.2,612.5
5178.4,801.2,612.5
5179.4,800.2,612.5
5180.4,799.2,612.5
5181.4,798.2,612.5
5182.4,797.2,612.5
5183.4,796.2,612.5
5184.4,795.2,612.5
5185.4,794.2,612.5
5186.4,793.2,612.5
5187.4,792.2,612.5
5188.4,791.2,612.5
5189.4,790.2,612.5
5190.4,789.2,612.5
5191.4,788.2,612.5
5192.4,787.2,612.5
5193.4,786.2,612.5
5194.4,785.2,612.5
5195.4,784.2,612.5
5196.4,783.2,612.5
5197.4,782.2,612.5
5198.4,781.2,612.5
5199.4,780.2,612.5
5200.4,779.2,612.5
5201.4,778.2,612.5
5202.4,777.2,612.5
5203.4,776.2,612.5
5204.4,775.2,612.5
5205.4,774.2,612.5
5206.4,773.2,612.5
5207.4,772.2,612.5
5208.4,771.2,612.5
5209.4,770.2,612.5
5210.4,769.2,612.5
5211.4,768.2,612.5
5212.4,767.2,612.5
5213.4,766.2,612.5
5214.4,765.2,612.5
5215.4,764.2,612.5
5216.4,763.2,612.5
5217.4,762.2,612.5
5218.4,761.2,612.5
5219.4,760.2,612.5
5220.4,759.2,612.5
5221.4,758.2,612.5
5222.4,757.2,612.5
5223.4,756.2,612.5
5224.4,755.2,612.5
5225.4,754.2,612.5
5226.4,753.2,612.5
5227.4,752.2,612.5
5228.4,751.2,612.5
5229.4,750.2,612.5
5230.4,749.2,612.5
5231.4,748.2,612.5
5232.4,747.2,612.5
5233.4,746.2,612.5
5234.4,745.2,612.5
5235.4,744.2,612.5
5236.4,743.2,612.5
5237.4,742.2,612.5
5238.4,741.2,612.5
5239.4,740.2,612.5
5240.4,739.2,612.5
5241.4,738.2,612.5
5242.4,737.2,612.5
5243.4,736.2,612.5
5244.4,735.2,612.5
5245.4,734.2,612.5
5246.4,733.2,612.5
5247.4,732.2,612.5
5248.4,731.2,612.5
5249.4,730.2,612.5
5250.4,729.2,612.5
5251.4,728.2,612.5
5252.4,727.2,612.5
5253.4,726.2,612.5
5254.4,725.2,612.5
5255.4,724.2,612.5
5256.4,723.2,612.5
5257.4,722.2,612.5
5258.4,721.2,612.5
5259.4,720.2,612.5
5260.4,719.2,612.5
5261.4,718.2,612.5
5262.4,717.2,612.5
5263.4,716.2,612.5
5264.4,715.2,612.5
5265.4,714.2,612.5
5266.4,713.2,612.5
5267.4,712.2,612.5
5268.4,711.2,612.5
5269.4,710.2,612.5
5270.4,709.2,612.5
5271.4,708.2,612.5
5272.4,707.2,612.5
5273.4,706.2,612.5
5274.4,705.2,612.5
5275.4,704.2,612.5
5276.4,703.2,612.5
5277.4,702.2,612.5
5278.4,701.2,612.5
5279.4,700.2,612.5
5280.4,699.2,612.5
5281.4,698.2,612.5
5282.4,697.2,612.5
5283.4,696.2,612.5
5284.4,695.2,612.5
5285.4,694.2,612.5
5286.4,693.2,612.5
5287.4,692.2,612.5
5288.4,691.2,612.5
5289.4,690.2,612.5
5290.4,689.2,612.5
5291.4,688.2,612.5
5292.4,687.2,612.5
5293.4,686.2,612.5
5294.4,685.2,612.5
5295.4,684.2,612.5
5296.4,683.2,612.5
5297.4,682.2,612.5
5298.4,681.2,612.5
5299.4,680.2,612.5
5300.4,679.2,612.5
5301.4,678.2,612.5
5302.4,677.2,612.5
5303.4,676.2,612.5
5304.4,675.2,612.5
5305.4,674.2,612.5
5306.4,673.2,612.5
5307.4,672.2,612.5
5308.4,671.2,612.5
5309.4,670.2,612.5
5310.4,669.2,612.5
5311.4,668.2,612.5
5312.4,667.2,612.5
5313.4,666.2,612.5
5314.4,665.2,612.5
5315.4,664.2,612.5
5316.4,663.2,612.5
5317.4,662.2,612.5
5318.4,661.2,612.5
5319.4,660.2,612.5
5320.4,659.2,612.5
5321.4,658.2,612.5
5322.4,657.2,612.5
5323.4,656.2,612.5
5324.4,655.2,612.5
5325.4,654.2,612.5
5326.4,653.2,612.5
5327.4,652.2,612.5
5328.4,651.2,612.5
5329.4,650.2,612.5
5330.4,649.2,612.5
5331.4,648.2,612.5
5332.4,647.2,612.5
5333.4,646.2,612.5
5334.4,645.2,612.5
5335.4,644.2,612.5
5336.4,643.2,612.5
5337.4,642.2,612.5
5338.4,641.2,612.5
5339.4,640.2,612.5
5340.4,639.2,612.5
5341.4,638.2,612.5
5342.4,637.2,612.5
5343.4,636.2,612.5
5344.4,635.2,612.5
5345.4,634.2,612.5
5346.4,633.2,612.5
5347.4,632.2,612.5
5348.4,631.2,612.5
5349.4,630.2,612.5
5350.4,629.2,612.5
5351.4,628.2,612.5
5352.4,627.2,612.5
5353.4,626.2,612.5
5354.4,625.2,612.5
5355.4,624.2,612.5
5356.4,623.2,612.5
5357.4,622.2,612.5
5358.4,621.2,612.5
5359.4,620.2,612.5
5360.4,619.2,612.5
5361.4,618.2,612.5
5362.4,617.2,612.5
5363.4,616.2,612.5
5364.4,615.2,612.5
5365.4,614.2,612.5
5366.4,613.2,612.5
5367.4,612.2,612.5
5368.4,611.2,612.5
5369.4,610.2,612.5
5370.4,609.2,612.5
5371.4,608.2,612.5
5372.4,607.2,612.5
5373.4,606.2,612.5
5374.4,605.2,612.5
5375.4,604.2,612.5
5376.4,603.2,612.5
5377.4,602.2,612.5
5378.4,601.2,612.5
5379.4,600.2,612.5
5380.4,599.2,612.5
5381.4,598.2,612.5
5382.4,597.2,612.5
5383.4,596.2,612.5
5384.4,595.2,612.5
5385.4,594.2,612.5
5386.4,593.2,612.5
5387.4,592.2,612.5
5388.4,591.2,612.5
5389.4,590.2,612.5
5390.4,589.2,612.5
5391.4,588.2,612.5
5392.4,587.2,612.5
5393.4,586.2,612.5
5394.4,585.2,612.5
5395.4,584.2,612.5
5396.4,583.2,612.5
5397.4,582.2,612.5
5398.4,581.2,612.5
5399.4,580.2,612.5
5400.4,579.2,612.5
5401.4,578.2,612.5
5402.4,577.2,612.5
5403.4,576.2,612.5
5404.4,575.2,612.5
5405.4,574.2,612.5
5406.4,573.2,612.5
5407.4,572.2,612.5
5408.4,571.2,612.5
5409.4,570.2,612.5
5410.4,569.2,612.5
5411.4,568.2,612.5
5412.4,567.2,612.5
5413.4,566.2,612.5
5414.4,565.2,612.5
5415.4,564.2,612.5
5416.4,563.2,612.5
5417.4,562.2,612.5
5418.4,561.2,612.5
5419.4,560.2,612.5
5420.4,559.2,612.5
5421.4,558.2,612.5
5422.4,557.2,612.5
5423.4,556.2,612.5
5424.4,555.2,612.5
5425.4,554.2,612.5
5426.4,553.2,612.5
5427.4,552.2,612.5
5428.4,551.2,612.5
5429.4,550.2,612.5
5430.4,549.2,612.5
5431.4,548.2,612.5
5432.4,547.2,612.5
5433.4,546.2,612.5
5434.4,545.2,612.5
5435.4,544.2,612.5
5436.4,543.2,612.5
5437.4,542.2,612.5
5438.4,541.2,612.5
5439.4,540.2,612.5
5440.4,539.2,612.5
5441.4,538.2,612.5
5442.4,537.2,612.5
5443.4,536.2,612.5
5444.4,535.2,612.5
5445.4,534.2,612.5
5446.4,533.2,612.5
5447.4,532.2,612.5
5448.4,531.2,612.5
5449.4,530.2,612.5
5450.4,529.2,612.5
5451.4,528.2,612.5
5452.4,527.2,612.5
5453.4,526.2,612.5
5454.4,525.2,612.5
5455.4,524.2,612.5
5456.4,523.2,612.5
5457.4,522.2,612.5
5458.4,521.2,612.5
5459.4,520.2,612.5
5460.4,519.2,612.5
5461.4,518.2,612.5
5462.4,517.2,612.5
5463.4,516.2,612.5
5464.4,515.2,612.5
5465.4,514.2,612.5
5466.4,513.2,612.5
5467.4,512.2,612.5
5468.4,511.2,612.5
5469.4,510.2,612.5
5470.4,509.2,612.5
5471.4,508.2,612.5
5472.4,507.2,612.5
5473.4,506.2,612.5
5474.4,505.2,612.5
5475.4,504.2,612.5
5476.4,503.2,612.5
5477.4,502.2,612.5
5478.4,501.2,612.5
5479.4,500.2,612.5
5480.4,499.2,612.5
5481.4,498.2,612.5
5482.4,497.2,612.5
5483.4,496.2,612.5
5484.4,495.2,612.5
5485.4,494.2,612.5
5486.4,493.2,612.5
5487.4,492.2,612.5
5488.4,491.2,612.5
5489.4,490.2,612.5
5490.4,489.2,612.5
5491.4,488.2,612.5
5492.4,487.2,612.5
5493.4,486.2,612.5
5494.4,485.2,612.5
5495.4,484.2,612.5
5496.4,483.2,612.5
5497.4,482.2,612.5
5498.4,481.2,612.5
5499.4,480.2,612.5
5500.4,479.2,612.5
5501.4,478.2,612.5
5502.4,477.2,612.5
5503.4,476.2,612.5
5504.4,475.2,612.5
5505.4,474.2,612.5
5506.4,473.2,612.5
5507.4,472.2,612.5
5508.4,471.2,612.5
5509.4,470.2,612.5
5510.4,469.2,612.5
5511.4,468.2,612.5
5512.4,467.2,612.5
5513.4,466.2,612.5
5514.4,465.2,612.5
5515.4,464.2,612.5
5516.4,463.2,612.5
5517.4,462.2,612.5
5518.4,461.2,612.5
5519.4,460.2,612.5
5520.4,459.2,612.5
5521.4,458.2,612.5
5522.4,457.2,612.5
5523.4,456.2,612.5
5524.4,455.2,612.5
5525.4,454.2,612.5
5526.4,453.2,612.5
5527.4,452.2,612.5
5528.4,451.2,612.5
5529.4,450.2,612.5
5530.4,449.2,612.5
5531.4,448.1,612.5
5532.4,447.1,612.5
5533.4,446.1,612.5
5534.4,445.1,612.5
5535.4,444.1,612.5
5536.4,443.1,612.5
5537.4,442.1,612.5
5538.4,441.1,612.5
5539.4,440.1,612.5
5540.4,439.1,612.5
5541.4,438.1,612.5
5542.4,437.1,612.5
5543.4,436.1,612.5
5544.4,435.1,612.5
5545.4,434.1,612.5
5546.4,433.1,612.5
5547.4,432.1,612.5
5548.4,431.1,612.5
5549.4,430.1,612.5
5550.4,429.1,612.5
5551.4,428.1,612.5
5552.4,427.1,612.5
5553.4,426.1,612.5
5554.4,425.1,612.5
5555.4,424.1,612.5
5556.4,423.1,612.5
5557.4,422.1,612.5
5558.4,421.1,612.5
5559.4,420.1,612.5
5560.4,419.1,612.5
5561.4,418.1,612.5
5562.4,417.1,612.5
5563.4,416.1,612.5
5564.4,415.1,612.5
5565.4,414.1,612.5
5566.4,413.1,612.5
5567.4,412.1,612.5
5568.4,411.1,612.5
5569.4,410.1,612.5
5570.4,409.1,612.5
5571.4,408.1,612.5
5572.4,407.1,612.5
5573.4,406.1,612.5
5574.4,405.1,612.5
5575.4,404.1,612.5
5576.4,403.1,612.5
5577.4,402.1,612.5
5578.4,401.1,612.5
5579.4,400.1,612.5
5580.4,399.1,612.5
5581.4,398.1,612.5
5582.4,397.1,612.5
5583.4,396.1,612.5
5584.4,395.1,612.5
5585.4,394.1,612.5
5586.4,393.1,612.5
5587.4,392.1,612.5
5588.4,391.1,612.5
5589.4,390.1,612.5
5590.4,389.1,612.5
5591.4,388.1,612.5
5592.4,387.1,612.5
5593.4,386.1,612.5
5594.4,385.1,612.5
5595.4,384.1,612.5
5596.4,383.1,612.5
5597.4,382.1,612.5
5598.4,381.1,612.5
5599.4,380.1,612.5
5600.4,379.1,612.5
5601.4,378.1,612.5
5602.4,377.1,612.5
5603.4,376.1,612.5
5604.4,375.1,612.5
5605.4,374.1,612.5
5606.4,373.1,612.5
5607.4,372.1,612.5
5608.4,371.1,612.5
5609.4,370.1,612.5
5610.4,369.1,612.5
5611.4,368.1,612.5
5612.4,367.1,612.5
5613.4,366.1,612.5
5614.4,365.1,612.5
5615.4,364.1,612.5
5616.4,363.1,612.5
5617.4,362.1,612.5
5618.4,361.1,612.5
5619.4,360.1,612.5
5620.4,359.1,612.5
5621.4,358.1,612.5
5622.4,357.1,612.5
5623.4,356.1,612.5
5624.4,355.1,612.5
5625.4,354.1,612.5
5626.4,353.1,612.5
5627.4,352.1,612.5
5628.4,351.1,612.5
5629.4,350.1,612.5
5630.4,349.1,612.5
5631.4,348.1,612.5
5632.4,347.1,612.5
5633.4,346.1,612.5
5634.4,345.1,612.5
5635.4,344.1,612.5
5636.4,343.1,612.5
5637.4,342.1,612.5
5638.4,341.1,612.5
5639.4,340.1,612.5
5640.4,339.1,612.5
5641.4,338.1,612.5
5642.4,337.1,612.5
5643.4,336.1,612.5
5644.4,335.1,612.5
5645.5,334.1,612.5
5646.5,333.1,612.5
5647.5,332.1,612.5
5648.5,331.1,612.5
5649.5,330.1,612.5
5650.5,329.1,612.5
5651.5,328.1,612.5
5652.5,327.1,612.5
5653.5,326.1,612.5
5654.5,325.1,612.5
5655.5,324.1,612.5
5656.5,323.1,612.5
5657.5,322.1,612.5
5658.5,321.1,612.5
5659.5,320.1,612.5
5660.5,319.1,612.5
5661.5,318.1,612.5
5662.5,317.1,612.5
5663.5,316.1,612.5
5664.5,315.1,612.5
5665.5,314.1,612.5
5666.5,313.1,612.5
5667.5,312.1,612.5
5668.5,311.1,612.5
5669.5,310.1,612.5
5670.5,309.1,612.5
5671.5,308.1,612.5
5672.5,307.1,612.5
5673.5,306.1,612.5
5674.5,305.1,612.5
5675.5,304.1,612.5
5676.5,303.1,612.5
5677.5,302.1,612.5
5678.5,301.1,612.5
5679.5,300.1,612.5
5680.5,299.1,612.5
5681.5,298.1,612.5
5682.5,297.1,612.5
5683.5,296.1,612.5
5684.5,295.1,612.5
5685.5,294.1,612.5
5686.5,293.1,612.5
5687.5,292.1,612.5
5688.5,291.1,612.5
5689.5,290.1,612.5
5690.5,289.1,612.5
5691.5,288.1,612.5
5692.5,287.1,612.5
5693.5,286.1,612.5
5694.5,285.1,612.5
5695.5,284.1,612.5
5696.5,283.1,612.5
5697.5,282.1,612.5
5698.5,281.1,612.5
5699.5,280.1,612.5
5700.5,279.1,612.5
5701.5,278.1,612.5
5702.5,277.1,612.5
5703.5,276.1,612.5
5704.5,275.1,612.5
5705.5,274.1,612.5
5706.5,273.1,612.5
5707.5,272.1,612.5
5708.5,271.1,612.5
5709.5,270.1,612.5
5710.5,269.1,612.5
5711.5,268.1,612.5
5712.5,267.1,612.5
5713.5,266.1,612.5
5714.5,265.1,612.5
5715.5,264.1,612.5
5716.5,263.1,612.5
5717.5,262.1,612.5
5718.5,261.1,612.5
5719.5,260.1,612.5
5720.5,259.1,612.5
5721.5,258.1,612.5
5722.5,257.1,612.5
5723.5,256.1,612.5
5724.5,255.1,612.5
5725.5,254.1,612.5
5726.5,253.1,612.5
5727.5,252.1,612.5
5728.5,251.1,612.5
5729.5,250.1,612.5
5730.5,249.1,612.5
5731.5,248.1,612.5
5732.5,247.1,612.5
5733.5,246.1,612.5
5734.5,245.1,612.5
5735.5,244.1,612.5
5736.5,243.1,612.5
5737.5,242.1,612.5
5738.5,241.1,612.5
5739.5,240.1,612.5
5740.5,239.1,612.5
5741.5,238.1,612.5
5742.5,237.1,612.5
5743.5,236.1,612.5
5744.5,235.1,612.5
5745.5,234.1,612.5
5746.5,233.1,612.5
5747.5,232.1,612.5
5748.5,231.1,612.5
5749.5,230.1,612.5
5750.5,229.1,612.5
5751.5,228.1,612.5
5752.5,227.1,612.5
5753.5,226.1,612.5
5754.5,225.1,612.5
5755.5,224.1,612.5
5756.5,223.1,612.5
5757.5,222.1,612.5
5758.5,221.1,612.5
5759.5,220.1,612.5
5760.5,219.1,612.5
5761.5,218.1,612.5
5762.5,217.1,612.5
5763.5,216.1,612.5
5764.5,215.1,612.5
5765.5,214.1,612.5
5766.5,213.1,612.5
5767.5,212.1,612.5
5768.5,211.1,612.5
5769.5,210.1,612.5
5770.5,209.1,612.5
5771.5,208.1,612.5
5772.5,207.1,612.5
5773.5,206.1,612.5
5774.5,205.1,612.5
5775.5,204.1,612.5
5776.5,203.1,612.5
5777.5,202.1,612.5
5778.5,201.1,612.5
5779.5,200.1,612.5
5780.5,199.1,612.5
5781.5,198.1,612.5
5782.5,197.1,612.5
5783.5,196.1,612.5
5784.5,195.1,612.5
5785.5,194.1,612.5
5786.5,193.1,612.5
5787.5,192.1,612.5
5788.5,191.1,612.5
5789.5,190.1,612.5
5790.5,189.1,612.5
5791.5,188.1,612.5
5792.5,187.1,612.5
5793.5,186.1,612.5
5794.5,185.1,612.5
5795.5,184.1,612.5
5796.5,183.1,612.5
5797.5,182.1,612.5
5798.5,181.1,612.5
5799.5,180.1,612.5
5800.5,179.1,612.5
5801.5,178.1,612.5
5802.5,177.1,612.5
5803.5,176.1,612.5
5804.5,175.1,612.5
5805.5,174.1,612.5
5806.5,173.1,612.5
5807.5,172.1,612.5
5808.5,171.1,612.5
5809.5,170.1,612.5
5810.5,169.1,612.5
5811.5,168.1,612.5
5812.5,167.1,612.5
5813.5,166.1,612.5
5814.5,165.1,612.5
5815.5,164.1,612.5
5816.5,163.1,612.5
5817.5,162.1,612.5
5818.5,161.1,612.5
5819.5,160.1,612.5
5820.5,159.1,612.5
5821.5,158.1,612.5
5822.5,157.1,612.5
5823.5,156.1,612.5
5824.5,155.1,612.5
5825.5,154.1,612.5
5826.5,153.1,612.5
5827.5,152.1,612.5
5828.5,151.1,612.5
5829.5,150.1,612.5
5830.5,149.1,612.4
5831.5,148.1,612.4
5832.5,147.1,612.3
5833.5,146.1,612.2
5834.5,145.1,612.1
5835.5,144.1,612.0
5836.5,143.1,612.0
5837.5,142.2,611.9
5838.5,141.2,611.6
5839.5,140.2,611.4
5840.5,139.2,611.2
5841.5,138.3,610.9
5842.5,137.3,610.7
5843.5,136.3,610.5
5844.5,135.3,610.2
5845.5,134.4,610.0
5846.5,133.5,609.6
5847.5,132.5,609.2
5848.5,131.6,608.8
5849.5,130.7,608.5
5850.5,129.8,608.1
5851.5,128.8,607.7
5852.5,127.9,607.3
5853.5,127.0,606.9
5854.5,126.2,606.4
5855.5,125.3,605.8
5856.5,124.5,605.3
5857.5,123.6,604.8
5858.5,122.7,604.3
5859.5,121.9,603.7
5860.5,121.0,603.2
5861.5,120.2,602.6
5862.5,119.5,602.0
5863.5,118.7,601.3
5864.5,118.0,600.7
5865.5,117.2,600.0
5866.5,116.4,599.4
5867.5,115.7,598.7
5868.5,114.9,598.1
5869.5,114.2,597.4
5870.5,113.6,596.6
5871.5,112.9,595.8
5872.5,112.3,595.1
5873.5,111.6,594.3
5874.5,111.0,593.6
5875.5,110.3,592.8
5876.5,109.7,592.0
5877.5,109.1,591.2
5878.5,108.6,590.4
5879.5,108.1,589.5
5880.5,107.6,588.6
5881.5,107.0,587.8
5882.5,106.5,586.9
5883.5,106.0,586.1
5884.5,105.5,585.2
5885.5,105.1,584.3
5886.5,104.7,583.4
5887.5,104.3,582.5
5888.5,103.9,581.5
5889.5,103.6,580.6
5890.5,103.2,579.7
5891.5,102.8,578.8
5892.5,102.4,577.8
5893.5,102.2,576.9
5894.5,102.0,575.9
5895.5,101.7,574.9
5896.5,101.5,574.0
5897.5,101.3,573.0
5898.5,101.0,572.0
5899.5,100.8,571.0
5900.5,100.6,570.1
5901.5,100.5,569.1
5902.5,100.4,568.1
5903.5,100.4,567.1
5904.5,100.3,566.1
5905.5,100.2,565.1
5906.5,100.1,564.1
5907.5,100.0,563.1
5908.5,100.0,562.1
5909.5,100.0,561.1
5910.5,100.0,560.1
5911.5,100.0,559.1
5912.5,100.0,558.1
5913.5,100.0,557.1
5914.5,100.0,556.1
5915.5,100.0,555.1
5916.5,100.0,554.1
5917.5,100.0,553.1
5918.5,100.0,552.1
5919.5,100.0,551.1
5920.5,100.0,550.1
5921.5,100.0,549.1
5922.5,100.0,548.1
5923.5,100.0,547.1
5924.5,100.0,546.1
5925.5,100.0,545.1
5926.5,100.0,544.1
5927.5,100.0,543.1
5928.5,100.0,542.1
5929.5,100.0,541.1
5930.5,100.0,540.1
5931.5,100.0,539.1
5932.5,100.0,538.1
5933.5,100.0,537.1
5934.5,100.0,536.1
5935.5,100.0,535.1
5936.5,100.0,534.1
5937.5,100.0,533.1
5938.5,100.0,532.1
5939.5,100.0,531.1
5940.5,100.0,530.1
5941.5,100.0,529.1
5942.5,100.0,528.1
5943.5,100.0,527.1
5944.5,100.0,526.1
5945.5,100.0,525.1
5946.5,100.0,524.1
5947.5,100.0,523.1
5948.5,100.0,522.1
5949.5,100.0,521.1
5950.5,100.0,520.1
5951.5,100.0,519.1
5952.5,100.0,518.1
5953.5,100.0,517.1
5954.5,100.0,516.1
5955.5,100.0,515.1
5956.5,100.0,514.1
5957.5,100.0,513.1
5958.5,100.0,512.1
5959.5,100.0,511.1
5960.5,100.0,510.1
5961.5,100.0,509.1
5962.5,100.0,508.1
5963.5,100.0,507.1
5964.5,100.0,506.1
5965.5,100.0,505.1
5966.5,100.0,504.1
5967.5,100.0,503.1
5968.5,100.0,502.1
5969.5,100.0,501.1
5970.5,100.0,500.1
5971.5,100.0,499.1
5972.5,100.0,498.1
5973.5,100.0,497.1
5974.5,100.0,496.1
5975.5,100.0,495.1
5976.5,100.0,494.1
5977.5,100.0,493.1
5978.5,100.0,492.1
5979.5,100.0,491.1
5980.5,100.0,490.1
5981.5,100.0,489.1
5982.5,100.0,488.1
5983.5,100.0,487.1
5984.5,100.0,486.1
5985.5,100.0,485.1
5986.5,100.0,484.1
5987.5,100.0,483.1
5988.5,100.0,482.1
5989.5,100.0,481.1
5990.5,100.0,480.1
5991.5,100.0,479.1
5992.5,100.0,478.1
5993.5,100.0,477.1
5994.5,100.0,476.1
5995.5,100.0,475.1
5996.5,100.0,474.1
5997.5,100.0,473.1
5998.5,100.0,472.1
5999.5,100.0,471.1
6000.5,100.0,470.1
6001.5,100.0,469.1
6002.5,100.0,468.1
6003.5,100.0,467.1
6004.5,100.0,466.1
6005.5,100.0,465.1
6006.5,100.0,464.1
6007.5,100.0,463.1
6008.5,100.0,462.1
6009.5,100.0,461.1
6010.5,100.0,460.1
6011.5,100.0,459.1
6012.5,100.0,458.1
6013.5,100.0,457.1
6014.5,100.0,456.1
6015.5,100.0,455.1
6016.5,100.0,454.1
6017.5,100.0,453.1
6018.5,100.0,452.1
6019.5,100.0,451.1
6020.5,100.0,450.1
6021.5,100.0,449.1
6022.5,100.0,448.1
6023.5,100.0,447.1
6024.5,100.0,446.1
6025.5,100.0,445.1
6026.5,100.0,444.1
6027.5,100.0,443.1
6028.5,100.0,442.1
6029.5,100.0,441.1
6030.5,100.0,440.1
6031.5,100.0,439.1
6032.5,100.0,438.1
6033.5,100.0,437.1
6034.5,100.0,436.1
6035.5,100.0,435.1
6036.5,100.0,434.1
6037.5,100.0,433.1
6038.5,100.0,432.1
6039.5,100.0,431.1
6040.5,100.0,430.1
6041.5,100.0,429.1
6042.5,100.0,428.1
6043.5,100.0,427.1
6044.5,100.0,426.1
6045.5,100.0,425.1
6046.5,100.0,424.1
6047.5,100.0,423.1
6048.5,100.0,422.1
6049.5,100.0,421.1
6050.5,100.0,420.1
6051.5,100.0,419.1
6052.5,100.0,418.1
6053.5,100.0,417.1
6054.5,100.0,416.1
6055.5,100.0,415.1
6056.5,100.0,414.1
6057.5,100.0,413.1
6058.5,100.0,412.1
6059.5,100.0,411.1
6060.5,100.0,410.1
6061.5,100.0,409.1
6062.5,100.0,408.1
6063.5,100.0,407.1
6064.5,100.0,406.1
6065.5,100.0,405.1
6066.5,100.0,404.1
6067.5,100.0,403.1
6068.5,100.0,402.1
6069.5,100.0,401.1
6070.5,100.0,400.1
6071.5,100.0,399.1
6072.5,100.0,398.1
6073.5,100.0,397.1
6074.5,100.0,396.1
6075.5,100.0,395.1
6076.5,100.0,394.1
6077.5,100.0,393.1
6078.5,100.0,392.1
6079.5,100.0,391.1
6080.5,100.0,390.1
6081.5,100.0,389.1
6082.5,100.0,388.1
6083.5,100.0,387.1
6084.5,100.0,386.1
6085.5,100.0,385.1
6086.5,100.0,384.1
6087.5,100.0,383.1
6088.5,100.0,382.1
6089.5,100.0,381.1
6090.5,100.0,380.1
6091.5,100.0,379.1
6092.5,100.0,378.1
6093.5,100.0,377.1
6094.5,100.0,376.1
6095.5,100.0,375.1
6096.5,100.0,374.1
6097.5,100.0,373.1
6098.5,100.0,372.1
6099.5,100.0,371.1
6100.5,100.0,370.1
6101.5,100.0,369.1
6102.5,100.0,368.1
6103.5,100.0,367.1
6104.5,100.0,366.1
6105.5,100.0,365.1
6106.5,100.0,364.1
6107.5,100.0,363.1
6108.5,100.0,362.1
6109.5,100.0,361.1
6110.5,100.0,360.1
6111.5,100.0,359.1
6112.5,100.0,358.1
6113.5,100.0,357.1
6114.5,100.0,356.1
6115.5,100.0,355.1
6116.5,100.0,354.1
6117.5,100.0,353.1
6118.5,100.0,352.1
6119.5,100.0,351.1
6120.5,100.0,350.1
6121.5,100.0,349.1
6122.5,100.0,348.1
6123.5,100.0,347.1
6124.5,100.0,346.1
6125.5,100.0,345.1
6126.5,100.0,344.1
6127.5,100.0,343.1
6128.5,100.0,342.1
6129.5,100.0,341.1
6130.5,100.0,340.1
6131.5,100.0,339.1
6132.5,100.0,338.1
6133.5,100.0,337.1
6134.5,100.0,336.1
6135.5,100.0,335.1
6136.5,100.0,334.1
6137.5,100.0,333.1
6138.5,100.0,332.1
6139.5,100.0,331.1
6140.5,100.0,330.1
6141.5,100.0,329.1
6142.5,100.0,328.1
6143.5,100.0,327.1
6144.5,100.0,326.1
6145.5,100.0,325.1
6146.5,100.0,324.1
6147.5,100.0,323.1
6148.5,100.0,322.1
6149.5,100.0,321.1
6150.5,100.0,320.1
6151.5,100.0,319.1
6152.5,100.0,318.1
6153.5,100.0,317.1
6154.5,100.0,316.1
6155.5,100.0,315.1
6156.5,100.0,314.1
6157.5,100.0,313.1
6158.5,100.0,312.1
6159.5,100.0,311.1
6160.5,100.0,310.1
6161.5,100.0,309.1
6162.5,100.0,308.1
6163.5,100.0,307.1
6164.5,100.0,306.1
6165.5,100.0,305.1
6166.5,100.0,304.1
6167.5,100.0,303.1
6168.5,100.0,302.1
6169.5,100.0,301.1
6170.5,100.0,300.1
6171.5,100.0,299.1
6172.5,100.0,298.1
6173.5,100.0,297.1
6174.5,100.0,296.1
6175.5,100.0,295.1
6176.5,100.0,294.1
6177.5,100.0,293.1
6178.5,100.0,292.1
6179.5,100.0,291.1
6180.5,100.0,290.1
6181.5,100.0,289.1
6182.5,100.0,288.1
6183.5,100.0,287.1
6184.5,100.0,286.1
6185.5,100.0,285.1
6186.5,100.0,284.1
6187.5,100.0,283.1
6188.5,100.0,282.1
6189.5,100.0,281.1
6190.5,100.0,280.1
6191.5,100.0,279.1
6192.5,100.0,278.1
6193.5,100.0,277.1
6194.5,100.0,276.1
6195.5,100.0,275.1
6196.5,100.0,274.1
6197.5,100.0,273.1
6198.5,100.0,272.1
6199.5,100.0,271.1
6200.5,100.0,270.1
6201.5,100.0,269.1
6202.5,100.0,268.1
6203.5,100.0,267.1
6204.5,100.0,266.1
6205.5,100.0,265.1
6206.5,100.0,264.1
6207.5,100.0,263.1
6208.5,100.0,262.1
6209.5,100.0,261.1
6210.5,100.0,260.1
6211.5,100.0,259.1
6212.5,100.0,258.1
6213.5,100.0,257.1
6214.5,100.0,256.1
6215.5,100.0,255.1
6216.5,100.0,254.1
6217.5,100.0,253.1
6218.5,100.0,252.1
6219.5,100.0,251.1
6220.5,100.0,250.1
6221.5,100.0,249.1
6222.5,100.0,248.1
6223.5,100.0,247.1
6224.5,100.0,246.1
6225.5,100.0,245.1
6226.5,100.0,244.1
6227.5,100.0,243.1
6228.5,100.0,242.1
6229.5,100.0,241.1
6230.5,100.0,240.1
6231.5,100.0,239.1
6232.5,100.0,238.1
6233.5,100.0,237.1
6234.5,100.0,236.1
6235.5,100.0,235.1
6236.5,100.0,234.1
6237.5,100.0,233.1
6238.5,100.0,232.1
6239.5,100.0,231.1
6240.5,100.0,230.1
6241.5,100.0,229.1
6242.5,100.0,228.1
6243.5,100.0,227.1
6244.5,100.0,226.1
6245.5,100.0,225.1
6246.5,100.0,224.1
6247.5,100.0,223.1
6248.5,100.0,222.1
6249.5,100.0,221.1
6250.5,100.0,220.1
6251.5,100.0,219.1
6252.5,100.0,218.1
6253.5,100.0,217.1
6254.5,100.0,216.1
6255.5,100.0,215.1
6256.5,100.0,214.1
6257.5,100.0,213.1
6258.5,100.0,212.1
6259.5,100.0,211.1
6260.5,100.0,210.1
6261.5,100.0,209.1
6262.5,100.0,208.1
6263.5,100.0,207.1
6264.5,100.0,206.1
6265.5,100.0,205.1
6266.5,100.0,204.1
6267.5,100.0,203.1
6268.5,100.0,202.1
6269.5,100.0,201.1
6270.5,100.0,200.1
6271.5,100.0,199.1
6272.5,100.0,198.0
6273.5,100.0,197.0
6274.5,100.0,196.0
6275.5,100.0,195.0
6276.5,100.0,194.0
6277.5,100.0,193.0
6278.5,100.0,192.0
6279.5,100.0,191.0
6280.5,100.0,190.0
6281.5,100.0,189.0
6282.5,100.0,188.0
6283.5,100.0,187.0
6284.5,100.0,186.0
6285.5,100.0,185.0
6286.5,100.0,184.0
6287.5,100.0,183.0
6288.5,100.0,182.0
6289.5,100.0,181.0
6290.5,100.0,180.0
6291.5,100.0,179.0
6292.5,100.0,178.0
6293.5,100.0,177.0
6294.5,100.0,176.0
6295.5,100.0,175.0
6296.5,100.0,174.0
6297.5,100.0,173.0
6298.5,100.0,172.0
6299.5,100.0,171.0
6300.5,100.0,170.0
6301.5,100.0,169.0
6302.5,100.0,168.0
6303.5,100.0,167.0
6304.5,100.0,166.0
6305.5,100.0,165.0
6306.5,100.0,164.0
6307.5,100.0,163.0
6308.5,100.0,162.0
6309.5,100.1,161.1
6310.5,100.2,160.1
6311.5,100.3,159.1
6312.5,100.3,158.1
6313.5,100.4,157.1
6314.5,100.5,156.1
6315.5,100.6,155.1
6316.5,100.8,154.1
6317.5,101.0,153.1
6318.5,101.2,152.1
6319.5,101.5,151.2
6320.5,101.7,150.2
6321.5,101.9,149.2
6322.5,102.2,148.3
6323.5,102.4,147.3
6324.5,102.7,146.3
6325.5,103.1,145.4
6326.5,103.5,144.5
6327.5,103.9,143.6
6328.5,104.3,142.6
6329.5,104.7,141.7
6330.5,105.0,140.8
6331.5,105.4,139.9
6332.5,105.9,139.0
6333.5,106.5,138.2
6334.5,107.0,137.3
6335.5,107.5,136.5
6336.5,108.0,135.6
6337.5,108.5,134.8
6338.5,109.1,133.9
6339.5,109.6,133.1
6340.5,110.2,132.3
6341.5,110.9,131.5
6342.5,111.5,130.8
6343.5,112.2,130.0
6344.5,112.8,129.3
6345.5,113.5,128.5
6346.5,114.1,127.7
6347.5,114.8,127.0
6348.5,115.6,126.3
6349.5,116.3,125.7
6350.5,117.1,125.0
6351.5,117.9,124.4
6352.5,118.6,123.8
6353.5,119.4,123.1
6354.5,120.1,122.5
6355.5,120.9,121.8
6356.5,121.8,121.3
6357.5,122.6,120.8
6358.5,123.5,120.3
6359.5,124.3,119.8
6360.5,125.2,119.2
6361.5,126.1,118.7
6362.5,126.9,118.2
6363.5,127.8,117.7
6364.5,128.7,117.4
6365.5,129.6,117.0
6366.5,130.6,116.6
6367.5,131.5,116.2
6368.5,132.4,115.8
6369.5,133.3,115.4
6370.5,134.3,115.1
6371.5,135.2,114.8
6372.5,136.2,114.6
6373.5,137.2,114.3
6374.5,138.1,114.1
6375.5,139.1,113.9
6376.5,140.1,113.6
6377.5,141.1,113.4
6378.5,142.0,113.2
6379.5,143.0,113.0
6380.5,144.0,113.0
6381.5,145.0,112.9
6382.5,146.0,112.8
6383.5,147.0,112.7
6384.5,148.0,112.7
6385.5,149.0,112.6
6386.5,150.0,112.5
